number,linux_name,linux_abi,linux_entry,leonos_status,leonos_dispatch_macro,leonos_dispatch_file,leonos_dispatch_line,verification_scope,verification_evidence
0,read,common,sys_read,routed_not_certified,LINUX_SYS_READ,kernel/ntclks/syscall.c,3069,partial_guest,"Unix vector packet/stream semantics, zero/count errors, SIGPIPE and original OFD retention during read/recv/readv close/reuse PASS: build/musl/namespace-probes-serial.log; generic vector/pipe/device errors and lifecycle remain in ledger; SCM_RIGHTS stream barriers across plain data, peek/waitall and partial receive PASS: build/musl/scm-boundaries-after-serial.log; Linux v6.12 reference PASS; full resources/fragmentation remain; proc status PID/TGID/UID/GID/VmRSS subset PASS: build/musl/proc-status-after-serial.log; full procfs schema/access/lifecycle remain; 2026-09-13 1 MiB scalar regular/tmpfs/block transfers and official fsck.fat full read PASS QEMU live-smp1/install-smp2; async retry and partial interruption host checks PASS; see UPSTREAM_TOOLS.md"
1,write,common,sys_write,routed_not_certified,LINUX_SYS_WRITE,kernel/ntclks/syscall.c,2954,partial_guest,"Unix vector packet/stream semantics, zero/count errors, SIGPIPE and original OFD retention during read/recv/readv close/reuse PASS: build/musl/namespace-probes-serial.log; generic vector/pipe/device errors and lifecycle remain in ledger; 2026-09-13 1 MiB scalar regular/tmpfs/block transfers and official mkfs.ext2 PASS QEMU live-smp1/install-smp2; async retry and partial interruption host checks PASS; see UPSTREAM_TOOLS.md"
2,open,common,sys_open,routed_not_certified,LINUX_SYS_OPEN,kernel/ntclks/syscall.c,3244,partial_guest,"Static/dynamic musl permission probes PASS in build/musl/permissions-final-probe-serial.log; B06/B10/B16/B17 remaining contracts in ledger; fd allocation/limits and native parameter widths PASS: build/musl/fd-boundaries-after-serial.log; common allocator includes fd 0/3, dup2 expansion, SCM lowest-free fd and rollback. Full object lifecycle/flags remain in ledger; proc status PID/TGID/UID/GID/VmRSS subset PASS: build/musl/proc-status-after-serial.log; full procfs schema/access/lifecycle remain"
3,close,common,sys_close,routed_not_certified,LINUX_SYS_CLOSE,kernel/ntclks/syscall.c,3430,partial_guest,"Shared OFD/SCM ownership, blocked Unix fd reuse and unread-data peer ECONNRESET PASS: build/musl/fd-boundaries-after-serial.log; ordinary inode lifetime, PTY/INET and other blocking operations outstanding; fd allocation/limits and native parameter widths PASS: build/musl/fd-boundaries-after-serial.log; common allocator includes fd 0/3, dup2 expansion, SCM lowest-free fd and rollback. Full object lifecycle/flags remain in ledger"
4,stat,common,sys_newstat,routed_not_certified,LINUX_SYS_STAT,kernel/ntclks/syscall.c,3645,partial_guest,Static/dynamic musl permission probes PASS in build/musl/permissions-final-probe-serial.log; B06/B10/B16/B17 remaining contracts in ledger
5,fstat,common,sys_newfstat,routed_not_certified,LINUX_SYS_FSTAT,kernel/ntclks/syscall.c,3699,partial_guest,Static/dynamic musl permission probes PASS in build/musl/permissions-final-probe-serial.log; B06/B10/B16/B17 remaining contracts in ledger
6,lstat,common,sys_newlstat,implemented_pending_runtime,LINUX_SYS_LSTAT,kernel/ntclks/syscall.c,3645,not_verified,See LINUX_ABI_PROGRESS_2026-09-08.md; no full ABI certification
7,poll,common,sys_poll,routed_not_certified,LINUX_SYS_POLL,kernel/ntclks/syscall.c,2893,partial_guest,"Native 32-bit count/timeout, infinite wait/EINTR, writable revents, EOF/access-mode readiness, NVAL and Unix shutdown masks PASS: build/musl/fd-boundaries-after-serial.log; Linux 6.12 reference PASS; stop/restart, full device readiness and atomic ppoll/pselect/epoll outstanding"
8,lseek,common,sys_lseek,routed_not_certified,LINUX_SYS_LSEEK,kernel/ntclks/syscall.c,3868,partial_guest,"Shared OFD offsets/status, SCM references and Unix read/recv/readv close/reuse PASS: build/musl/namespace-probes-serial.log; fcntl01 exit 0: build/musl/namespace-ltp-serial.log; inode lifetime, PTY/INET and other blocking operations outstanding"
9,mmap,common,sys_mmap,routed_not_certified,LINUX_SYS_MMAP,kernel/ntclks/syscall.c,4191,partial_guest,"Guest PROT_NONE/private and prefaulted shared anonymous mappings retain data across fork; NOT compatible for unfaulted MAP_SHARED|MAP_ANONYMOUS at fork: independent first faults allocate different physical pages (2026-09-10 gcc edge shared-handshake failure; syscall_mm.c task_map_anonymous_page). 2026-09-13 tmpfs shared inode pages/read-write coherence/private COW/fork/truncate/regrowth/SIGBUS/held unlink PASS host Linux and QEMU live-smp1/install-smp2; disk-file shared writeback and bounded VA remain; see UPSTREAM_TOOLS.md. MAP_STACK accepted with 4 KiB pages (Linux v6.12 VM_NOHUGEPAGE); raw zero-fill/guard SIGSEGV/actual alternate signal stack/unmap PASS host Linux and QEMU smp2; unmodified Alpine HyFetch version/help PASS; see APK_PREPARATION.md"
10,mprotect,common,sys_mprotect,routed_not_certified,LINUX_SYS_MPROTECT,kernel/ntclks/syscall.c,4198,partial_guest,Guest protection/data tests PASS; LTP mprotect01 three TPASS and exit 0: build/musl/namespace-ltp-serial.log; cross-VMA and SMP contracts outstanding
11,munmap,common,sys_munmap,routed_not_certified,LINUX_SYS_MUNMAP,kernel/ntclks/syscall.c,4195,partial_guest,Guest anonymous unmap and host page-reference fixtures pass; broader unmap coverage pending
12,brk,common,sys_brk,implemented_pending_runtime,LINUX_SYS_BRK,kernel/ntclks/syscall.c,4310,partial_guest,Raw brk query/grow/shrink and failure-boundary behavior PASS in build/musl/abi-probes-qemu-20260908-11.log for static and dynamic musl; full heap/VMA/RLIMIT interaction stress remains
13,rt_sigaction,64,sys_rt_sigaction,routed_not_certified,LINUX_SYS_RT_SIGACTION,kernel/ntclks/syscall.c,2879,partial_guest,"Static/dynamic native frames/altstack/SIMD, shared process pending vs TID delivery, SIGALRM/exec and timed interruptions PASS: build/musl/fd-boundaries-after-serial.log; realtime queues, complete siginfo/default/error semantics outstanding"
14,rt_sigprocmask,common,sys_rt_sigprocmask,routed_not_certified,LINUX_SYS_RT_SIGPROCMASK,kernel/ntclks/syscall.c,2879,partial_guest,"Static/dynamic native frames/altstack/SIMD, shared process pending vs TID delivery, SIGALRM/exec and timed interruptions PASS: build/musl/fd-boundaries-after-serial.log; realtime queues, complete siginfo/default/error semantics outstanding"
15,rt_sigreturn,64,sys_rt_sigreturn,routed_not_certified,LINUX_SYS_RT_SIGRETURN,kernel/ntclks/syscall.c,4576,partial_guest,"Static/dynamic native frames/altstack/SIMD, shared process pending vs TID delivery, SIGALRM/exec and timed interruptions PASS: build/musl/fd-boundaries-after-serial.log; realtime queues, complete siginfo/default/error semantics outstanding"
16,ioctl,64,sys_ioctl,routed_not_certified,LINUX_SYS_IOCTL,kernel/ntclks/syscall.c,6582,partial_guest,"Native termios and Unix FIONREAD (stream/seqpacket total vs datagram first packet), FIONBIO shared OFD/EFAULT PASS: build/musl/fd-boundaries-after-serial.log; remaining socket/device ioctls outstanding; unsigned-int request truncation (sign-extended TIOCGPTN), TIOCSCTTY leader/session permission and musl forkpty PASS: build/musl/session-notify-probes-serial.log; full PTY control/lock/hangup remain; Generic FIOCLEX(0x5451)/FIONCLEX(0x5450) added 2026-09-10 before category/GPU/device dispatch; FD_CLOEXEC stored per descriptor and shared with fcntl(F_GETFD/F_SETFD); third argument ignored. Rework moves O_PATH translation to user open/openat flags so internal epoll allocation retains its type and close frees its object. All ioctl requests validate fd first (including implicit stdio); invalid fd and O_PATH return EBADF before unknown/TTY commands or pointer checks; valid unsupported requests return ENOTTY. Real kernel descriptor-table ASan/UBSan and existing descriptor regressions PASS; host Linux and QEMU/KVM raw probe 38/38 PASS including epoll ADD/wait/MOD/DEL, dup lifetime, exec CLOEXEC, ignored open bit 2 and invalid-fd precedence: build/ioctl-cloexec/evidence.txt. Unmodified static musl CPython 3.15 runs /bin/hello.py both via autospawn and through desktop Terminal/PTY, prints complete output and exits 0: build/ioctl-cloexec/guest-serial.log and terminal-python.png; ISO build/ioctl-cloexec/leonos4-ioctl-cloexec.iso (bootlog disabled). Original 32-case evidence is preserved as evidence.before-rework.txt; it did not cover the epoll regression. VMware not verified; remaining device ioctl requests and other FMODE_PATH restrictions outstanding; i386/x32 out of scope; ioctl is not certified compatible."
17,pread64,common,sys_pread64,implemented_pending_runtime,LINUX_SYS_PREAD64,kernel/ntclks/syscall.c,3771,partial_guest,"2026-09-13 host real scalar I/O/signal regressions and QEMU live-smp1/install-smp2 93 checks PASS: 1 MiB positional file and AHCI block transfers preserve f_pos; async retry/partial-error/DMA drain host checks; see UPSTREAM_TOOLS.md; full flags and object coverage remain"
18,pwrite64,common,sys_pwrite64,implemented_pending_runtime,LINUX_SYS_PWRITE64,kernel/ntclks/syscall.c,3771,partial_guest,"2026-09-13 host real scalar I/O/signal regressions and QEMU live-smp1/install-smp2 93 checks PASS: 1 MiB positional file and AHCI block transfers preserve f_pos; unaligned block read-modify-write and EOF/ENOSPC; see UPSTREAM_TOOLS.md; full flags and object coverage remain"
19,readv,64,sys_readv,implemented_pending_runtime,LINUX_SYS_READV,kernel/ntclks/syscall.c,3785,partial_guest,"Unix vector packet/stream semantics, zero/count errors, SIGPIPE and original OFD retention during read/recv/readv close/reuse PASS: build/musl/namespace-probes-serial.log; generic vector/pipe/device errors and lifecycle remain in ledger; SCM_RIGHTS stream barriers across plain data, peek/waitall and partial receive PASS: build/musl/scm-boundaries-after-serial.log; Linux v6.12 reference PASS; full resources/fragmentation remain"
20,writev,64,sys_writev,implemented_pending_runtime,LINUX_SYS_WRITEV,kernel/ntclks/syscall.c,3785,partial_guest,"Unix vector packet/stream semantics, zero/count errors, SIGPIPE and original OFD retention during read/recv/readv close/reuse PASS: build/musl/namespace-probes-serial.log; generic vector/pipe/device errors and lifecycle remain in ledger"
21,access,common,sys_access,implemented_pending_runtime,LINUX_SYS_ACCESS,kernel/ntclks/syscall.c,3720,partial_host,Real/effective ID distinction and traversal checked in kernel host fixture; exhaustive raw access guest matrix pending
22,pipe,common,sys_pipe,routed_not_certified,LINUX_SYS_PIPE,kernel/ntclks/syscall.c,3422,partial_guest,"See LINUX_ABI_PROGRESS_2026-09-08.md; no full ABI certification; fd allocation/limits and native parameter widths PASS: build/musl/fd-boundaries-after-serial.log; common allocator includes fd 0/3, dup2 expansion, SCM lowest-free fd and rollback. Full object lifecycle/flags remain in ledger"
23,select,common,sys_select,implemented_pending_runtime,LINUX_SYS_SELECT,kernel/ntclks/syscall.c,3077,partial_guest,Raw Linux fd_set/timeval translation and regular-file readiness PASS in build/musl/abi-probes-qemu-20260908-12.log for static and dynamic musl; exact remaining-time updates and full fd-set limits remain
24,sched_yield,common,sys_sched_yield,routed_not_certified,LINUX_SYS_SCHED_YIELD,kernel/ntclks/syscall.c,4158,not_verified,See LINUX_ABI_PROGRESS_2026-09-08.md; no full ABI certification
25,mremap,common,sys_mremap,implemented_pending_runtime,LINUX_SYS_MREMAP,kernel/ntclks/syscall_mm.c,988,partial_guest,"Anonymous VMA shrink, in-place growth and MAYMOVE relocation preserve data in static/dynamic musl build/musl/abi-probes-qemu-20260909-20.log; file/device mappings and overlapping FIXED targets remain unsupported"
26,msync,common,sys_msync,implemented_pending_runtime,LINUX_SYS_MSYNC,kernel/ntclks/syscall.c,2956,partial_guest,"2026-09-13 tmpfs shared inode pages and private mapping MS_SYNC/MS_ASYNC/zero flags/zero length/INVALIDATE pass host Linux and QEMU live-smp1/install-smp2; corrected historical zero-flags rejection against Linux 6.12 mm/msync.c; disk-file shared writeback remains unsupported; see UPSTREAM_TOOLS.md"
27,mincore,common,sys_mincore,implemented_pending_runtime,LINUX_SYS_MINCORE,kernel/ntclks/syscall.c,2959,partial_guest,Raw page residency and writable-vector validation PASS in build/musl/abi-probes-qemu-20260908-11.log for static and dynamic musl; complete shared/file residency semantics remain
28,madvise,common,sys_madvise,implemented_pending_runtime,LINUX_SYS_MADVISE,kernel/ntclks/syscall.c,2962,partial_guest,Raw MADV_NORMAL validation PASS in build/musl/abi-probes-qemu-20260908-11.log for static and dynamic musl; unsupported advice remains explicit EOPNOTSUPP
29,shmget,common,sys_shmget,implemented_pending_runtime,__NR_shmget,kernel/reliefnt/kernel/reliefnt/syscall_ipc.c,384,partial_host,"2026-10-02 Linux v6.14 native LP64 SysV SHM; production registry/PTE/VMA ASan/UBSan and canonical layout/flags PASS; Linux native and worktree musl probe PASS; root kernel/runtime/SDK PASS; finite IPC_INFO limits; no huge pages or writable EXEC; guest and unmodified dmix/dsnoop remain H6/U1/U6; see task-19-report.md"
30,shmat,common,sys_shmat,implemented_pending_runtime,__NR_shmat,kernel/reliefnt/kernel/reliefnt/syscall_ipc.c,385,partial_host,"2026-10-02 Linux v6.14 native LP64 SysV SHM; production registry/PTE/VMA ASan/UBSan and canonical layout/flags PASS; Linux native and worktree musl probe PASS; root kernel/runtime/SDK PASS; finite IPC_INFO limits; no huge pages or writable EXEC; guest and unmodified dmix/dsnoop remain H6/U1/U6; see task-19-report.md"
31,shmctl,common,sys_shmctl,implemented_pending_runtime,__NR_shmctl,kernel/reliefnt/kernel/reliefnt/syscall_ipc.c,387,partial_host,"2026-10-02 Linux v6.14 native LP64 SysV SHM; production registry/PTE/VMA ASan/UBSan and canonical layout/flags PASS; Linux native and worktree musl probe PASS; root kernel/runtime/SDK PASS; finite IPC_INFO limits; no huge pages or writable EXEC; guest and unmodified dmix/dsnoop remain H6/U1/U6; see task-19-report.md"
32,dup,common,sys_dup,routed_not_certified,LINUX_SYS_DUP,kernel/ntclks/syscall.c,3523,partial_guest,"Shared OFD offsets/status, SCM references and Unix read/recv/readv close/reuse PASS: build/musl/namespace-probes-serial.log; fcntl01 exit 0: build/musl/namespace-ltp-serial.log; inode lifetime, PTY/INET and other blocking operations outstanding; fd allocation/limits and native parameter widths PASS: build/musl/fd-boundaries-after-serial.log; common allocator includes fd 0/3, dup2 expansion, SCM lowest-free fd and rollback. Full object lifecycle/flags remain in ledger"
33,dup2,common,sys_dup2,routed_not_certified,LINUX_SYS_DUP2,kernel/ntclks/syscall.c,3523,partial_guest,"Shared OFD offsets/status, SCM references and Unix read/recv/readv close/reuse PASS: build/musl/namespace-probes-serial.log; fcntl01 exit 0: build/musl/namespace-ltp-serial.log; inode lifetime, PTY/INET and other blocking operations outstanding; fd allocation/limits and native parameter widths PASS: build/musl/fd-boundaries-after-serial.log; common allocator includes fd 0/3, dup2 expansion, SCM lowest-free fd and rollback. Full object lifecycle/flags remain in ledger"
34,pause,common,sys_pause,implemented_pending_runtime,LINUX_SYS_PAUSE,kernel/ntclks/syscall.c,2889,not_verified,See LINUX_ABI_PROGRESS_2026-09-08.md; no full ABI certification
35,nanosleep,common,sys_nanosleep,routed_not_certified,LINUX_SYS_NANOSLEEP,kernel/ntclks/syscall.c,4163,partial_guest,"Actual deadline/timespec/remaining-copy sanitizer fixtures and static/dynamic musl timed interruption PASS: build/musl/namespace-probes-serial.log; reference Linux 6.12 cases PASS; CPU clocks, timers, clock adjustment and complete stop/restart semantics outstanding"
36,getitimer,common,sys_getitimer,implemented_pending_runtime,LINUX_SYS_GETITIMER,kernel/ntclks/syscall.c,4171,partial_guest,"Native ITIMER_REAL, EINVAL/EFAULT, set-before-output-fault, periodic rearm, process SIGALRM, fork exclusion and exec preservation PASS: build/musl/fd-boundaries-after-serial.log and build/musl/ioctl-linux-reference-serial.log; CPU/profiling timers and full precision/limits outstanding"
37,alarm,common,sys_alarm,implemented_pending_runtime,LINUX_SYS_ALARM,kernel/ntclks/syscall.c,4167,partial_guest,"Native ITIMER_REAL, EINVAL/EFAULT, set-before-output-fault, periodic rearm, process SIGALRM, fork exclusion and exec preservation PASS: build/musl/fd-boundaries-after-serial.log and build/musl/ioctl-linux-reference-serial.log; CPU/profiling timers and full precision/limits outstanding"
38,setitimer,common,sys_setitimer,implemented_pending_runtime,LINUX_SYS_SETITIMER,kernel/ntclks/syscall.c,4171,partial_guest,"Native ITIMER_REAL, EINVAL/EFAULT, set-before-output-fault, periodic rearm, process SIGALRM, fork exclusion and exec preservation PASS: build/musl/fd-boundaries-after-serial.log and build/musl/ioctl-linux-reference-serial.log; CPU/profiling timers and full precision/limits outstanding"
39,getpid,common,sys_getpid,routed_not_certified,LINUX_SYS_GETPID,kernel/ntclks/syscall.c,4146,partial_guest,"Static/dynamic musl thread contention, robust owner death, lifecycle, timed interruption and worker exec PASS: build/musl/namespace-probes-serial.log; six upstream Open POSIX pthread cases exit 0: build/musl/namespace-ltp-serial.log; reference Linux 6.12 tests PASS; LeonOS BSP only, PI/clone3 and complete restart semantics outstanding"
40,sendfile,common,sys_sendfile,implemented_pending_runtime,LINUX_SYS_SENDFILE,kernel/ntclks/syscall.c,4325,partial_guest,"Static and dynamic musl poll_files/sendfile probe PASS: build/musl/abi-probes-qemu-20260909-7.log; regular-file input with regular-file/pipe/socket output and explicit input offset are covered; splice/device output, signal/restart and full fd lifecycle remain"
41,socket,common,sys_socket,routed_not_certified,LINUX_SYS_SOCKET,kernel/ntclks/syscall.c,2859,partial_guest,"Static/dynamic Unix stream/packet, SCM_RIGHTS/credentials, close/reuse, WAITALL/PEEK, lowwater/timeouts, shutdown/poll/reset PASS: build/musl/fd-boundaries-after-serial.log; 32 groups PASS on Linux 6.12: build/musl/fd-boundaries-linux-reference-serial.log; buffers/options/INET/full concurrency outstanding; fd allocation/limits and native parameter widths PASS: build/musl/fd-boundaries-after-serial.log; common allocator includes fd 0/3, dup2 expansion, SCM lowest-free fd and rollback. Full object lifecycle/flags remain in ledger"
42,connect,common,sys_connect,routed_not_certified,LINUX_SYS_CONNECT,kernel/ntclks/syscall.c,2859,partial_guest,"Static/dynamic Unix stream/packet, SCM_RIGHTS/credentials, close/reuse, WAITALL/PEEK, lowwater/timeouts, shutdown/poll/reset PASS: build/musl/fd-boundaries-after-serial.log; 32 groups PASS on Linux 6.12: build/musl/fd-boundaries-linux-reference-serial.log; buffers/options/INET/full concurrency outstanding"
43,accept,common,sys_accept,routed_not_certified,LINUX_SYS_ACCEPT,kernel/ntclks/syscall.c,2860,partial_guest,"Static/dynamic Unix stream/packet, SCM_RIGHTS/credentials, close/reuse, WAITALL/PEEK, lowwater/timeouts, shutdown/poll/reset PASS: build/musl/fd-boundaries-after-serial.log; 32 groups PASS on Linux 6.12: build/musl/fd-boundaries-linux-reference-serial.log; buffers/options/INET/full concurrency outstanding"
44,sendto,common,sys_sendto,routed_not_certified,LINUX_SYS_SEND,kernel/ntclks/syscall.c,2864,partial_guest,"Static/dynamic Unix stream/packet, SCM_RIGHTS/credentials, close/reuse, WAITALL/PEEK, lowwater/timeouts, shutdown/poll/reset PASS: build/musl/fd-boundaries-after-serial.log; 32 groups PASS on Linux 6.12: build/musl/fd-boundaries-linux-reference-serial.log; buffers/options/INET/full concurrency outstanding"
45,recvfrom,64,sys_recvfrom,routed_not_certified,LINUX_SYS_RECV,kernel/ntclks/syscall.c,2865,partial_guest,"Static/dynamic Unix stream/packet, SCM_RIGHTS/credentials, close/reuse, WAITALL/PEEK, lowwater/timeouts, shutdown/poll/reset PASS: build/musl/fd-boundaries-after-serial.log; 32 groups PASS on Linux 6.12: build/musl/fd-boundaries-linux-reference-serial.log; buffers/options/INET/full concurrency outstanding; SCM_RIGHTS stream barriers across plain data, peek/waitall and partial receive PASS: build/musl/scm-boundaries-after-serial.log; Linux v6.12 reference PASS; full resources/fragmentation remain"
46,sendmsg,64,sys_sendmsg,routed_not_certified,LINUX_SYS_SENDMSG,kernel/ntclks/syscall.c,2866,partial_guest,"Static/dynamic Unix stream/packet, SCM_RIGHTS/credentials, close/reuse, WAITALL/PEEK, lowwater/timeouts, shutdown/poll/reset PASS: build/musl/fd-boundaries-after-serial.log; 32 groups PASS on Linux 6.12: build/musl/fd-boundaries-linux-reference-serial.log; buffers/options/INET/full concurrency outstanding; SCM_RIGHTS stream barriers across plain data, peek/waitall and partial receive PASS: build/musl/scm-boundaries-after-serial.log; Linux v6.12 reference PASS; full resources/fragmentation remain"
47,recvmsg,64,sys_recvmsg,routed_not_certified,LINUX_SYS_RECVMSG,kernel/ntclks/syscall.c,2867,partial_guest,"Static/dynamic Unix stream/packet, SCM_RIGHTS/credentials, close/reuse, WAITALL/PEEK, lowwater/timeouts, shutdown/poll/reset PASS: build/musl/fd-boundaries-after-serial.log; 32 groups PASS on Linux 6.12: build/musl/fd-boundaries-linux-reference-serial.log; buffers/options/INET/full concurrency outstanding; fd allocation/limits and native parameter widths PASS: build/musl/fd-boundaries-after-serial.log; common allocator includes fd 0/3, dup2 expansion, SCM lowest-free fd and rollback. Full object lifecycle/flags remain in ledger; SCM_RIGHTS stream barriers across plain data, peek/waitall and partial receive PASS: build/musl/scm-boundaries-after-serial.log; Linux v6.12 reference PASS; full resources/fragmentation remain"
48,shutdown,common,sys_shutdown,routed_not_certified,LINUX_SYS_SHUTDOWN,kernel/ntclks/syscall.c,2864,partial_guest,"Static/dynamic Unix stream/packet, SCM_RIGHTS/credentials, close/reuse, WAITALL/PEEK, lowwater/timeouts, shutdown/poll/reset PASS: build/musl/fd-boundaries-after-serial.log; 32 groups PASS on Linux 6.12: build/musl/fd-boundaries-linux-reference-serial.log; buffers/options/INET/full concurrency outstanding"
49,bind,common,sys_bind,routed_not_certified,LINUX_SYS_BIND,kernel/ntclks/syscall.c,2861,partial_guest,"Static/dynamic Unix stream/packet, SCM_RIGHTS/credentials, close/reuse, WAITALL/PEEK, lowwater/timeouts, shutdown/poll/reset PASS: build/musl/fd-boundaries-after-serial.log; 32 groups PASS on Linux 6.12: build/musl/fd-boundaries-linux-reference-serial.log; buffers/options/INET/full concurrency outstanding"
50,listen,common,sys_listen,routed_not_certified,LINUX_SYS_LISTEN,kernel/ntclks/syscall.c,2862,partial_guest,"Static/dynamic Unix stream/packet, SCM_RIGHTS/credentials, close/reuse, WAITALL/PEEK, lowwater/timeouts, shutdown/poll/reset PASS: build/musl/fd-boundaries-after-serial.log; 32 groups PASS on Linux 6.12: build/musl/fd-boundaries-linux-reference-serial.log; buffers/options/INET/full concurrency outstanding"
51,getsockname,common,sys_getsockname,routed_not_certified,LINUX_SYS_GETSOCKNAME,kernel/ntclks/syscall.c,2862,partial_guest,"Static/dynamic Unix stream/packet, SCM_RIGHTS/credentials, close/reuse, WAITALL/PEEK, lowwater/timeouts, shutdown/poll/reset PASS: build/musl/fd-boundaries-after-serial.log; 32 groups PASS on Linux 6.12: build/musl/fd-boundaries-linux-reference-serial.log; buffers/options/INET/full concurrency outstanding"
52,getpeername,common,sys_getpeername,implemented_pending_runtime,LINUX_SYS_GETPEERNAME,kernel/ntclks/syscall.c,2862,partial_guest,"Static/dynamic Unix stream/packet, SCM_RIGHTS/credentials, close/reuse, WAITALL/PEEK, lowwater/timeouts, shutdown/poll/reset PASS: build/musl/fd-boundaries-after-serial.log; 32 groups PASS on Linux 6.12: build/musl/fd-boundaries-linux-reference-serial.log; buffers/options/INET/full concurrency outstanding"
53,socketpair,common,sys_socketpair,routed_not_certified,LINUX_SYS_SOCKETPAIR,kernel/ntclks/syscall.c,2861,partial_guest,"Static/dynamic Unix stream/packet, SCM_RIGHTS/credentials, close/reuse, WAITALL/PEEK, lowwater/timeouts, shutdown/poll/reset PASS: build/musl/fd-boundaries-after-serial.log; 32 groups PASS on Linux 6.12: build/musl/fd-boundaries-linux-reference-serial.log; buffers/options/INET/full concurrency outstanding; fd allocation/limits and native parameter widths PASS: build/musl/fd-boundaries-after-serial.log; common allocator includes fd 0/3, dup2 expansion, SCM lowest-free fd and rollback. Full object lifecycle/flags remain in ledger"
54,setsockopt,64,sys_setsockopt,routed_not_certified,LINUX_SYS_SETSOCKOPT,kernel/ntclks/syscall.c,2863,partial_guest,"Static/dynamic Unix stream/packet, SCM_RIGHTS/credentials, close/reuse, WAITALL/PEEK, lowwater/timeouts, shutdown/poll/reset PASS: build/musl/fd-boundaries-after-serial.log; 32 groups PASS on Linux 6.12: build/musl/fd-boundaries-linux-reference-serial.log; buffers/options/INET/full concurrency outstanding"
55,getsockopt,64,sys_getsockopt,routed_not_certified,LINUX_SYS_GETSOCKOPT,kernel/ntclks/syscall.c,2863,partial_guest,"Static/dynamic Unix stream/packet, SCM_RIGHTS/credentials, close/reuse, WAITALL/PEEK, lowwater/timeouts, shutdown/poll/reset PASS: build/musl/fd-boundaries-after-serial.log; 32 groups PASS on Linux 6.12: build/musl/fd-boundaries-linux-reference-serial.log; buffers/options/INET/full concurrency outstanding"
56,clone,common,sys_clone,implemented_pending_runtime,LINUX_SYS_CLONE,kernel/ntclks/syscall.c,4580,partial_guest,"Prebuilt GCC 15.1.0 clone flags 0x4111 and full version/preprocess/compile/static-link/stdio execution PASS. Strict Linux edge fixes: altstack inheritance, deferred STOP/CONT and thread timers, parent SIGTERM, child CPU retirement and clear_child_tid before completion; fault exits now require SIGSEGV instead of accepting exit(14). Evidence: build/gcc-probe/guest-serial.edges-final-1vcpu.log and guest-serial.edges-final-2vcpu.log; prior pthread/LTP: build/musl/final-ltp-serial.log. CLONE_PIDFD/PTRACE/namespace/IO/time and clone3 fields, complete siginfo/SA_NOCLDWAIT/reparent and full SMP pressure remain uncertified"
57,fork,common,sys_fork,routed_not_certified,LINUX_SYS_FORK,kernel/ntclks/syscall.c,3239,not_verified,See LINUX_ABI_PROGRESS_2026-09-08.md; no full ABI certification
58,vfork,common,sys_vfork,implemented_pending_runtime,LINUX_SYS_VFORK,kernel/ntclks/syscall.c,3239,partial_guest,"Native vfork(58) routes through CLONE_VM|CLONE_VFORK|SIGCHLD. Subsequent strict Linux edge fixes preserve altstack, defer caught/STOP/timer signals, allow parent SIGTERM and complete only after child CPU retirement and clear_child_tid; QEMU GCC chain and strict edges PASS: build/gcc-probe/guest-serial.edges-final-2vcpu.log. Prior exit(14) fault acceptance was invalid and is removed. VMware/high-contention/full signal/lifecycle certification remain"
59,execve,64,sys_execve,routed_not_certified,LINUX_SYS_EXECVE,kernel/ntclks/syscall.c,3222,partial_guest,"Static/dynamic musl thread contention, robust owner death, lifecycle, timed interruption and worker exec PASS: build/musl/namespace-probes-serial.log; six upstream Open POSIX pthread cases exit 0: build/musl/namespace-ltp-serial.log; reference Linux 6.12 tests PASS; LeonOS BSP only, PI/clone3 and complete restart semantics outstanding"
60,exit,common,sys_exit,routed_not_certified,LINUX_SYS_EXIT,kernel/ntclks/syscall.c,3213,partial_guest,"Static/dynamic musl thread contention, robust owner death, lifecycle, timed interruption and worker exec PASS: build/musl/namespace-probes-serial.log; six upstream Open POSIX pthread cases exit 0: build/musl/namespace-ltp-serial.log; reference Linux 6.12 tests PASS; LeonOS BSP only, PI/clone3 and complete restart semantics outstanding; Final-thread exit queues configured parent signal once after all user frames retire; native SIGCHLD/session zombie test and host group-exit fixture PASS: build/musl/session-notify-probes-serial.log, build/musl/session-notify-threads-host.log; full siginfo/SA_NOCLDWAIT/reparent/wait clone options remain"
61,wait4,common,sys_wait4,routed_not_certified,LINUX_SYS_WAIT4,kernel/ntclks/syscall.c,4202,partial_guest,"Static/dynamic musl thread contention, robust owner death, lifecycle, timed interruption and worker exec PASS: build/musl/namespace-probes-serial.log; six upstream Open POSIX pthread cases exit 0: build/musl/namespace-ltp-serial.log; reference Linux 6.12 tests PASS; LeonOS BSP only, PI/clone3 and complete restart semantics outstanding"
62,kill,common,sys_kill,routed_not_certified,LINUX_SYS_KILL,kernel/ntclks/syscall.c,4149,partial_guest,"Static/dynamic native frames/altstack/SIMD, shared process pending vs TID delivery, SIGALRM/exec and timed interruptions PASS: build/musl/fd-boundaries-after-serial.log; realtime queues, complete siginfo/default/error semantics outstanding"
63,uname,common,sys_newuname,routed_not_certified,LINUX_SYS_UNAME,kernel/ntclks/syscall.c,2873,not_verified,See LINUX_ABI_PROGRESS_2026-09-08.md; no full ABI certification
64,semget,common,sys_semget,implemented_pending_runtime,LINUX_SYS_SEMGET,kernel/ntclks/syscall_ipc.c,261,partial_host,"Linux 6.12 ipc/sem.c/util.c; real arrays and host raw ABI PASS: private/key creation; limits; EXCL; owner/group/caps; generation IDs; allocation errors. Kernel/musl builds PASS. Namespace/sysctl/procfs/LSM and guest remain; see SysV semaphore checkpoint"
65,semop,common,sys_semop,implemented_pending_runtime,LINUX_SYS_SEMOP,kernel/ntclks/syscall_ipc.c,262,partial_host,"Real atomic vectors; duplicate-index rollback; retained blocked input; zero/alter queue ordering; SEM_UNDO and CLONE_SYSVSEM lifecycle. Kernel ASan/UBSan and host raw Linux PASS; signal frames/group stop return EINTR despite SA_RESTART; completed results preserved. Namespace/unshare/PID lifetime/full SMP/guest remain"
66,semctl,common,sys_semctl,implemented_pending_runtime,LINUX_SYS_SEMCTL,kernel/ntclks/syscall_ipc.c,263,partial_host,"Native 104-byte status; all GET/SET/IPC/SEM commands; real counts/times; atomic SETALL and undo reset; permissions; RMID pinned-object lifetime. Kernel ASan/UBSan; raw Linux and musl layouts/builds PASS. Procfs/sysctl/extended IDs/namespace/full concurrency/guest remain"
67,shmdt,common,sys_shmdt,implemented_pending_runtime,__NR_shmdt,kernel/reliefnt/kernel/reliefnt/syscall_ipc.c,386,partial_host,"2026-10-02 Linux v6.14 native LP64 SysV SHM; production registry/PTE/VMA ASan/UBSan and canonical layout/flags PASS; Linux native and worktree musl probe PASS; root kernel/runtime/SDK PASS; finite IPC_INFO limits; no huge pages or writable EXEC; guest and unmodified dmix/dsnoop remain H6/U1/U6; see task-19-report.md"
68,msgget,common,sys_msgget,implemented_pending_runtime,LINUX_SYS_MSGGET,kernel/ntclks/syscall_ipc.c,260,partial_host,"2026-09-10 Linux 6.12 ipc/msg.c/util.c; real queue ASan/UBSan and host raw ABI PASS: private/keyed creation; EXCL; effective owner and filesystem group permissions; cyclic IDs/stale generation; allocation failure. Kernel and musl probe builds PASS. Namespace/sysctl/procfs/LSM and guest remain; see SysV message checkpoint"
69,msgsnd,common,sys_msgsnd,implemented_pending_runtime,LINUX_SYS_MSGSND,kernel/ntclks/syscall_ipc.c,265,partial_host,"2026-09-10 real queue ASan/UBSan and host raw ABI PASS: native type/size; input before lookup; capacity including empty messages; real EAGAIN; retained blocked payload; pipeline/E2BIG; RMID and references; SA_RESTART gives EINTR. Kernel/musl builds PASS. Full SMP scheduling and namespace/LSM/guest remain; see SysV message checkpoint"
70,msgrcv,common,sys_msgrcv,implemented_pending_runtime,LINUX_SYS_MSGRCV,kernel/ntclks/syscall_ipc.c,266,partial_host,"2026-09-10 real queue ASan/UBSan and host raw ABI PASS: FIFO/type/exclusion/LONG_MIN; MSG_COPY/NOERROR; E2BIG retains message; EFAULT consumes and preserves partial copy; blocking and direct delivery before signal/RMID; EINTR with SA_RESTART. Kernel/musl builds PASS. Full SMP/job control/namespace/LSM/guest remain; see SysV message checkpoint"
71,msgctl,common,sys_msgctl,implemented_pending_runtime,LINUX_SYS_MSGCTL,kernel/ntclks/syscall_ipc.c,267,partial_host,"2026-09-10 real queue ASan/UBSan and host raw ABI PASS: native 120-byte status; IPC/MSG_INFO counters; STAT/STAT_ANY index vs ID; SET/RMID owner/caps; qbytes int truncation and unsigned capability comparison; waiter permission recheck; deletion lifecycle. Musl layout and kernel/probe builds PASS. Namespace/sysctl/procfs/LSM/guest remain"
72,fcntl,common,sys_fcntl,routed_not_certified,LINUX_SYS_FCNTL,kernel/ntclks/syscall.c,3523,partial_guest,"Shared OFD offsets/status, SCM references and Unix read/recv/readv close/reuse PASS: build/musl/namespace-probes-serial.log; fcntl01 exit 0: build/musl/namespace-ltp-serial.log; inode lifetime, PTY/INET and other blocking operations outstanding; fd allocation/limits and native parameter widths PASS: build/musl/fd-boundaries-after-serial.log; common allocator includes fd 0/3, dup2 expansion, SCM lowest-free fd and rollback. Full object lifecycle/flags remain in ledger"
73,flock,common,sys_flock,implemented_pending_runtime,LINUX_SYS_FLOCK,kernel/ntclks/syscall.c,5061,partial_guest,"Native flock dispatch, OFD lock state, LOCK_NB and cleanup implemented; raw musl probe and QEMU contention evidence remain"
74,fsync,common,sys_fsync,implemented_pending_runtime,LINUX_SYS_FSYNC,kernel/ntclks/syscall.c,3753,not_verified,See LINUX_ABI_PROGRESS_2026-09-08.md; no full ABI certification
75,fdatasync,common,sys_fdatasync,implemented_pending_runtime,LINUX_SYS_FDATASYNC,kernel/ntclks/syscall.c,3753,not_verified,See LINUX_ABI_PROGRESS_2026-09-08.md; no full ABI certification
76,truncate,common,sys_truncate,implemented_pending_runtime,LINUX_SYS_TRUNCATE,kernel/ntclks/syscall.c,3740,not_verified,See LINUX_ABI_PROGRESS_2026-09-08.md; no full ABI certification
77,ftruncate,common,sys_ftruncate,routed_not_certified,LINUX_SYS_FTRUNCATE,kernel/ntclks/syscall.c,3473,not_verified,See LINUX_ABI_PROGRESS_2026-09-08.md; no full ABI certification
78,getdents,common,sys_getdents,implemented_pending_runtime,LINUX_SYS_GETDENTS,kernel/ntclks/syscall.c,3915,partial_guest,Raw old linux_dirent record layout and cursor round trip PASS in build/musl/abi-probes-qemu-20260908-11.log for static and dynamic musl; ordinary directory inode/seek/lifetime semantics remain
79,getcwd,common,sys_getcwd,routed_not_certified,LINUX_SYS_GETCWD,kernel/ntclks/syscall.c,3924,partial_guest,LTP getcwd01 all 5 assertions PASS exit 0; full path lifecycle and limits remain in B15
80,chdir,common,sys_chdir,routed_not_certified,LINUX_SYS_CHDIR,kernel/ntclks/syscall.c,3943,not_verified,See LINUX_ABI_PROGRESS_2026-09-08.md; no full ABI certification
81,fchdir,common,sys_fchdir,implemented_pending_runtime,LINUX_SYS_FCHDIR,kernel/ntclks/syscall.c,3729,not_verified,See LINUX_ABI_PROGRESS_2026-09-08.md; no full ABI certification
82,rename,common,sys_rename,routed_not_certified,LINUX_SYS_RENAME,kernel/ntclks/syscall.c,4017,partial_guest_and_host,Same-directory FAT32 replacement contents/mode/UID/GID/type/empty-directory checks PASS in static/dynamic musl guest; exFAT account publication exercised in normal QEMU; real ext2 fixture passes debugfs/e2fsck. Open-fd lifetime; cross-directory; error/crash transactions remain
83,mkdir,common,sys_mkdir,routed_not_certified,LINUX_SYS_MKDIR,kernel/ntclks/syscall.c,3968,partial_guest,Static/dynamic musl permission probes PASS in build/musl/permissions-final-probe-serial.log; B06/B10/B16/B17 remaining contracts in ledger
84,rmdir,common,sys_rmdir,routed_not_certified,LINUX_SYS_RMDIR,kernel/ntclks/syscall.c,3993,partial_guest,Static/dynamic musl permission probes PASS in build/musl/permissions-final-probe-serial.log; B06/B10/B16/B17 remaining contracts in ledger
85,creat,common,sys_creat,implemented_pending_runtime,LINUX_SYS_CREAT,kernel/ntclks/syscall.c,3327,partial_guest,Raw creat mode/write/close and descriptor-relative rename round trip PASS in build/musl/abi-probes-qemu-20260908-11.log for static and dynamic musl; full open flag and inode lifetime contracts remain
86,link,common,sys_link,implemented_pending_runtime,LINUX_SYS_LINK,kernel/ntclks/syscall.c,5301,partial_host,"Real ext2 hard-link and symlink inode directory references pass test storage-rename including e2fsck; corrected earlier unsupported open-fd retention claim: final unlink still destroys the inode; permissions and full fd lifetime remain"
87,unlink,common,sys_unlink,routed_not_certified,LINUX_SYS_UNLINK,kernel/ntclks/syscall.c,3993,partial_guest,Static/dynamic musl permission probes PASS in build/musl/permissions-final-probe-serial.log; B06/B10/B16/B17 remaining contracts in ledger
88,symlink,common,sys_symlink,implemented_pending_runtime,LINUX_SYS_SYMLINK,kernel/ntclks/syscall.c,5312,partial_host,"Ext2 fast/block symlinks and component walking implemented; storage-rename ASan/UBSan and 1K/4K e2fsck plus linux-permissions pass; host raw syscall reference passes; pathname limits/ACL/capabilities/timestamps/I-O failures and guest execution remain; see 2026-09-10 symlink ledger"
89,readlink,common,sys_readlink,implemented_pending_runtime,LINUX_SYS_READLINK,kernel/ntclks/syscall.c,5367,partial_host,"Ext2 target bytes with truncation/no NUL and non-link EINVAL implemented alongside existing proc handling; storage-rename and host raw syscall reference pass; full path/proc/access/atime and guest execution remain"
90,chmod,common,sys_chmod,routed_not_certified,LINUX_SYS_CHMOD,kernel/ntclks/syscall.c,2936,partial_guest,Static/dynamic musl permission probes PASS in build/musl/permissions-final-probe-serial.log; B06/B10/B16/B17 remaining contracts in ledger
91,fchmod,common,sys_fchmod,routed_not_certified,LINUX_SYS_FCHMOD,kernel/ntclks/syscall.c,2945,partial_guest,LTP fchmod01 8 modes PASS exit 0; musl permission probes PASS; descriptor inode lifecycle and complete special-bit semantics pending
92,chown,common,sys_chown,routed_not_certified,LINUX_SYS_CHOWN,kernel/ntclks/syscall.c,2936,partial_guest,LTP chown01 PASS exit 0; musl UID/GID and EPERM probes PASS; full credential and inode lifecycle semantics pending
93,fchown,common,sys_fchown,routed_not_certified,LINUX_SYS_FCHOWN,kernel/ntclks/syscall.c,2945,partial_guest,Static/dynamic musl permission probes PASS in build/musl/permissions-final-probe-serial.log; B06/B10/B16/B17 remaining contracts in ledger
94,lchown,common,sys_lchown,implemented_pending_runtime,LINUX_SYS_LCHOWN,kernel/ntclks/syscall.c,2936,source_and_build,Shares real chown permission path; symlink inode support remains missing; no lchown-specific guest certification
95,umask,common,sys_umask,implemented_pending_runtime,LINUX_SYS_UMASK,kernel/ntclks/syscall.c,3762,partial_guest,Static/dynamic musl permission probes PASS in build/musl/permissions-final-probe-serial.log; B06/B10/B16/B17 remaining contracts in ledger
96,gettimeofday,common,sys_gettimeofday,routed_not_certified,LINUX_SYS_GETTIMEOFDAY,kernel/ntclks/syscall.c,2873,not_verified,See LINUX_ABI_PROGRESS_2026-09-08.md; no full ABI certification
97,getrlimit,common,sys_getrlimit,implemented_pending_runtime,LINUX_SYS_GETRLIMIT,kernel/ntclks/syscall.c,4154,partial_guest,"NOFILE/AS/SIGPENDING/STACK real soft/hard, shared pthread limits, fork/exec inheritance, cross-process permission, copy-fault commit, zero limits, MAP_FIXED net AS growth and RLIMIT_STACK default 8 MiB/hard RLIM_INFINITY PASS: build/musl/rlimit-as-after-serial.log and build/gcc-probe/guest-serial.log; Linux 6.12/host raw reference PASS: build/musl/rlimit-linux-reference-serial.log and build/host-regressions-20260910.log; other 12 resources still ENOSYS, full capability/reaped-task/exec-AS/SIGXCPU/VMware remain"
98,getrusage,common,sys_getrusage,implemented_pending_runtime,LINUX_SYS_GETRUSAGE,kernel/ntclks/syscall.c,3141,partial_guest,Raw RUSAGE_SELF structure and resident/time fields PASS in build/musl/abi-probes-qemu-20260908-13.log for static and dynamic musl; children/I-O/page-fault accounting remains incomplete
99,sysinfo,common,sys_sysinfo,implemented_pending_runtime,LINUX_SYS_SYSINFO,kernel/ntclks/syscall.c,3144,partial_guest,"Raw sysinfo layout, mem_unit, uptime, memory and process count PASS in build/musl/abi-probes-qemu-20260908-13.log for static and dynamic musl; load/swap/buffer accounting remains incomplete"
100,times,common,sys_times,implemented_pending_runtime,LINUX_SYS_TIMES,kernel/ntclks/syscall.c,3147,partial_guest,Raw tms layout and scheduler tick return PASS in build/musl/abi-probes-qemu-20260908-13.log for static and dynamic musl; child and system CPU accounting remains incomplete
101,ptrace,64,sys_ptrace,missing_dispatch,,,,not_verified,See LINUX_ABI_PROGRESS_2026-09-08.md; no full ABI certification
102,getuid,common,sys_getuid,routed_not_certified,LINUX_SYS_GETUID,kernel/ntclks/syscall.c,2870,not_verified,See LINUX_ABI_PROGRESS_2026-09-08.md; no full ABI certification
103,syslog,common,sys_syslog,missing_dispatch,,,,not_verified,See LINUX_ABI_PROGRESS_2026-09-08.md; no full ABI certification
104,getgid,common,sys_getgid,routed_not_certified,LINUX_SYS_GETGID,kernel/ntclks/syscall.c,2870,not_verified,See LINUX_ABI_PROGRESS_2026-09-08.md; no full ABI certification
105,setuid,common,sys_setuid,routed_not_certified,LINUX_SYS_SETUID,kernel/ntclks/syscall.c,2872,not_verified,See LINUX_ABI_PROGRESS_2026-09-08.md; no full ABI certification
106,setgid,common,sys_setgid,routed_not_certified,LINUX_SYS_SETGID,kernel/ntclks/syscall.c,2872,not_verified,See LINUX_ABI_PROGRESS_2026-09-08.md; no full ABI certification
107,geteuid,common,sys_geteuid,routed_not_certified,LINUX_SYS_GETEUID,kernel/ntclks/syscall.c,2871,not_verified,See LINUX_ABI_PROGRESS_2026-09-08.md; no full ABI certification
108,getegid,common,sys_getegid,routed_not_certified,LINUX_SYS_GETEGID,kernel/ntclks/syscall.c,2871,not_verified,See LINUX_ABI_PROGRESS_2026-09-08.md; no full ABI certification
109,setpgid,common,sys_setpgid,routed_not_certified,LINUX_SYS_SETPGID,kernel/ntclks/syscall.c,4147,not_verified,See LINUX_ABI_PROGRESS_2026-09-08.md; no full ABI certification
110,getppid,common,sys_getppid,routed_not_certified,LINUX_SYS_GETPPID,kernel/ntclks/syscall.c,4146,not_verified,See LINUX_ABI_PROGRESS_2026-09-08.md; no full ABI certification
111,getpgrp,common,sys_getpgrp,routed_not_certified,LINUX_SYS_GETPGRP,kernel/ntclks/syscall.c,4147,not_verified,See LINUX_ABI_PROGRESS_2026-09-08.md; no full ABI certification
112,setsid,common,sys_setsid,routed_not_certified,LINUX_SYS_SETSID,kernel/ntclks/syscall.c,4148,not_verified,See LINUX_ABI_PROGRESS_2026-09-08.md; no full ABI certification
113,setreuid,common,sys_setreuid,implemented_pending_runtime,LINUX_SYS_SETREUID,kernel/ntclks/syscall_process.c,342,partial_guest,"Raw root and non-root real/effective ID no-op, -1 preservation, three-field readback and non-root EPERM cases pass in static/dynamic build/musl/abi-probes-qemu-20260909-14.log; saved-ID corner cases and credential transitions remain"
114,setregid,common,sys_setregid,implemented_pending_runtime,LINUX_SYS_SETREGID,kernel/ntclks/syscall_process.c,342,partial_guest,"Raw root and non-root real/effective group-ID no-op, -1 preservation and non-root EPERM cases share the Linux identity handler; static/dynamic build/musl/abi-probes-qemu-20260909-14.log passes; saved-ID edges remain"
115,getgroups,common,sys_getgroups,implemented_pending_runtime,LINUX_SYS_GETGROUPS,kernel/ntclks/syscall.c,2918,partial_guest,Static/dynamic musl permission probes PASS in build/musl/permissions-final-probe-serial.log; B06/B10/B16/B17 remaining contracts in ledger
116,setgroups,common,sys_setgroups,implemented_pending_runtime,LINUX_SYS_SETGROUPS,kernel/ntclks/syscall.c,2918,partial_guest,Static/dynamic musl permission probes PASS in build/musl/permissions-final-probe-serial.log; B06/B10/B16/B17 remaining contracts in ledger
117,setresuid,common,sys_setresuid,implemented_pending_runtime,LINUX_SYS_SETRESUID,kernel/ntclks/syscall_process.c,376,partial_guest,"Raw root and non-root three-field UID no-op, -1 preservation and non-root EPERM cases pass in static/dynamic build/musl/abi-probes-qemu-20260909-14.log; full credential transition and exec/set* interactions remain"
118,getresuid,common,sys_getresuid,implemented_pending_runtime,LINUX_SYS_GETRESUID,kernel/ntclks/syscall_process.c,321,partial_guest,"Raw root/non-root three-field UID readback and pointer validation pass in static/dynamic build/musl/abi-probes-qemu-20260909-14.log; cross-thread and exec credential behavior remains"
119,setresgid,common,sys_setresgid,implemented_pending_runtime,LINUX_SYS_SETRESGID,kernel/ntclks/syscall_process.c,376,partial_guest,"Raw root and non-root three-field GID no-op, -1 preservation and non-root EPERM cases share the Linux identity handler; static/dynamic build/musl/abi-probes-qemu-20260909-14.log passes; full credential transitions remain"
120,getresgid,common,sys_getresgid,implemented_pending_runtime,LINUX_SYS_GETRESGID,kernel/ntclks/syscall_process.c,321,partial_guest,"Raw root/non-root three-field GID readback and pointer validation share the Linux identity handler; static/dynamic build/musl/abi-probes-qemu-20260909-14.log passes; cross-thread and exec credential behavior remains"
121,getpgid,common,sys_getpgid,routed_not_certified,LINUX_SYS_GETPGID,kernel/ntclks/syscall.c,4148,partial_guest,"See LINUX_ABI_PROGRESS_2026-09-08.md; no full ABI certification; Removed incorrect cross-UID EPERM; pid_t width, ESRCH and zombie/reaped identity PASS: build/musl/session-notify-probes-serial.log and Linux 6.12 reference"
122,setfsuid,common,sys_setfsuid,implemented_pending_runtime,LINUX_SYS_SETFSUID,kernel/ntclks/syscall_process.c,407,partial_guest,"Returns the previous fsuid and changes filesystem credentials only for root or real/effective/saved UID; raw static/dynamic musl checks pass in build/musl/abi-probes-qemu-20260909-17.log; exec credential transitions and full LTP permission matrix remain pending"
123,setfsgid,common,sys_setfsgid,implemented_pending_runtime,LINUX_SYS_SETFSGID,kernel/ntclks/syscall_process.c,407,partial_guest,"Returns the previous fsgid and changes filesystem credentials only for root or real/effective/saved GID; raw static/dynamic musl checks pass in build/musl/abi-probes-qemu-20260909-17.log; exec credential transitions and full LTP permission matrix remain pending"
124,getsid,common,sys_getsid,implemented_pending_runtime,LINUX_SYS_GETSID,kernel/ntclks/syscall.c,4149,partial_guest,"Native pid_t truncation, self/parent/cross-user/session/zombie/reaped PID queries PASS: build/musl/session-notify-probes-serial.log; Linux 6.12 reference PASS: build/musl/session-linux-reference-after-serial.log; shared thread-group setsid/setpgid, namespaces/LSM and SMP remain"
125,capget,common,sys_capget,implemented_pending_runtime,LINUX_SYS_CAPGET,kernel/ntclks/syscall_process.c,281,partial_guest,"Native Linux capability v1/v2/v3 header validation and effective/permitted/inheritable bitmaps implemented; kernel and musl probe compile, guest abittest is pending after the first probe assumed a root login account"
126,capset,common,sys_capset,implemented_pending_runtime,LINUX_SYS_CAPSET,kernel/ntclks/syscall_process.c,281,partial_guest,"Native Linux capability v1/v2/v3 header validation, permitted/effective/inheritable checks and non-root EPERM path implemented; kernel and musl probe compile, guest abittest is pending after the first probe assumed a root login account"
127,rt_sigpending,64,sys_rt_sigpending,implemented_pending_runtime,LINUX_SYS_RT_SIGPENDING,kernel/ntclks/syscall.c,2880,partial_guest,"Static/dynamic native frames/altstack/SIMD, shared process pending vs TID delivery, SIGALRM/exec and timed interruptions PASS: build/musl/fd-boundaries-after-serial.log; realtime queues, complete siginfo/default/error semantics outstanding"
128,rt_sigtimedwait,64,sys_rt_sigtimedwait,implemented_pending_runtime,LINUX_SYS_RT_SIGTIMEDWAIT,kernel/ntclks/syscall_time.c,149,partial_host_and_historical_guest,"2026-09-10 real queue/wait host tests and Linux raw reference PASS: private/shared isolation; FIFO; input validation before dequeue; output-fault consumption; deadline saturation; EINTR; no SA_RESTART; lost-wakeup recheck. Earlier timer guest evidence remains historical; full timer siginfo/mixed producers and guest runtime pending"
129,rt_sigqueueinfo,64,sys_rt_sigqueueinfo,implemented_pending_runtime,LINUX_SYS_RT_SIGQUEUEINFO,kernel/ntclks/syscall_process.c,923,partial_host,"2026-09-10 Linux 6.12 signal.c comparison; real kernel queue ASan/UBSan and host raw syscall PASS: PID/TID targeting; 48/128-byte copy; spoof/UID/CAP_KILL checks; RT FIFO; standard coalescing; per-UID RLIMIT_SIGPENDING; exec/exit queue ownership. Kernel and musl probes build PASS; timer mixing/init/ptrace/namespaces/SMP/guest remain; see signal queue checkpoint"
130,rt_sigsuspend,common,sys_rt_sigsuspend,routed_not_certified,LINUX_SYS_RT_SIGSUSPEND,kernel/ntclks/syscall.c,2880,partial_guest,"Static/dynamic native frames/altstack/SIMD, shared process pending vs TID delivery, SIGALRM/exec and timed interruptions PASS: build/musl/fd-boundaries-after-serial.log; realtime queues, complete siginfo/default/error semantics outstanding"
131,sigaltstack,64,sys_sigaltstack,implemented_pending_runtime,LINUX_SYS_SIGALTSTACK,kernel/ntclks/syscall.c,2881,partial_guest,"Static/dynamic native frames/altstack/SIMD PASS: build/musl/fd-boundaries-after-serial.log; vfork altstack inheritance and synchronous MAPERR/ACCERR/stack-overflow SIGSEGV handlers with si_addr/CR2/trap checks PASS: build/gcc-probe/guest-serial.edges-final-2vcpu.log. Prior normal exit(14) acceptance removed; full siginfo/default/error/concurrency semantics remain"
132,utime,common,sys_utime,implemented_pending_runtime,LINUX_SYS_UTIME,kernel/ntclks/syscall.c,4063,partial_guest,"Native utime dispatch and NULL/UTIME_NOW handling implemented; raw musl timestamp probe and QEMU runtime remain"
133,mknod,common,sys_mknod,routed_not_certified,__NR_mknod,kernel/ntclks/syscall.c,5355,partial_guest,2026-09-15 ext2/tmpfs FIFO nodes and blocking/nonblocking open/read/write/dup/unlink/signal host + QEMU smp2 PASS: tools/test_linux_fifo.py --guest; character/block node creation and other filesystems remain unsupported; no full ABI certification.
134,uselib,64,,linux_reserved_or_ni,,,,excluded_linux_reserved,Linux v6.12 reserved/ni; not an implementation obligation
135,personality,common,sys_personality,implemented_pending_runtime,LINUX_SYS_PERSONALITY,kernel/ntclks/syscall_process.c,469,partial_guest,"Native personality query and PER_LINUX=0 setting pass in static/dynamic musl build/musl/abi-probes-qemu-20260909-19.log; unsupported persona flags return EINVAL; full exec personality inheritance and ASLR interactions remain"
136,ustat,common,sys_ustat,missing_dispatch,,,,not_verified,See LINUX_ABI_PROGRESS_2026-09-08.md; no full ABI certification
137,statfs,common,sys_statfs,implemented_pending_runtime,LINUX_SYS_STATFS,kernel/ntclks/syscall.c,3605,partial_guest_and_host,Guest FAT statfs consistency PASS; host real ext2/FAT/exFAT/ISO accounting and debugfs cross-check PASS; full filesystem/error coverage pending
138,fstatfs,common,sys_fstatfs,implemented_pending_runtime,LINUX_SYS_FSTATFS,kernel/ntclks/syscall.c,3605,partial_guest_and_host,Guest FAT statfs consistency PASS; host real ext2/FAT/exFAT/ISO accounting and debugfs cross-check PASS; full filesystem/error coverage pending
139,sysfs,common,sys_sysfs,missing_dispatch,,,,not_verified,See LINUX_ABI_PROGRESS_2026-09-08.md; no full ABI certification
140,getpriority,common,sys_getpriority,routed_not_certified,LINUX_SYS_GETPRIORITY,kernel/ntclks/syscall.c,4151,not_verified,See LINUX_ABI_PROGRESS_2026-09-08.md; no full ABI certification
141,setpriority,common,sys_setpriority,routed_not_certified,LINUX_SYS_SETPRIORITY,kernel/ntclks/syscall.c,4151,not_verified,See LINUX_ABI_PROGRESS_2026-09-08.md; no full ABI certification
142,sched_setparam,common,sys_sched_setparam,implemented_pending_runtime,LINUX_SYS_SCHED_SETPARAM,kernel/ntclks/syscall_process.c,441,partial_guest,"Native SCHED_OTHER priority-zero setter validates target task permissions and sched_param pointer; unsupported priority and real-time policy return EINVAL; raw static/dynamic musl checks pass in build/musl/abi-probes-qemu-20260909-17.log"
143,sched_getparam,common,sys_sched_getparam,implemented_pending_runtime,LINUX_SYS_SCHED_GETPARAM,kernel/ntclks/syscall_process.c,410,partial_guest,"Native target validation and writable sched_param priority output pass for current/valid tasks; invalid PID and bad pointer cases pass in build/musl/abi-probes-qemu-20260909-15.log; policy state, permissions and concurrent scheduler semantics remain pending"
144,sched_setscheduler,common,sys_sched_setscheduler,implemented_pending_runtime,LINUX_SYS_SCHED_SETSCHEDULER,kernel/ntclks/syscall_process.c,441,partial_guest,"Native SCHED_OTHER priority-zero setter validates target task permissions and sched_param pointer; unsupported priority and real-time policy return EINVAL; raw static/dynamic musl checks pass in build/musl/abi-probes-qemu-20260909-17.log"
145,sched_getscheduler,common,sys_sched_getscheduler,implemented_pending_runtime,LINUX_SYS_SCHED_GETSCHEDULER,kernel/ntclks/syscall_process.c,410,partial_guest,"Native target validation and SCHED_OTHER query pass for current/valid tasks; invalid PID case passes in build/musl/abi-probes-qemu-20260909-15.log; policy state, permissions and concurrent scheduler semantics remain pending"
146,sched_get_priority_max,common,sys_sched_get_priority_max,implemented_pending_runtime,LINUX_SYS_SCHED_GET_PRIORITY_MAX,kernel/ntclks/syscall_process.c,401,partial_guest,"Native policy validation returns Linux priority ranges (OTHER/BATCH/IDLE=0, FIFO/RR=99); invalid policy EINVAL passes in static/dynamic build/musl/abi-probes-qemu-20260909-13.log"
147,sched_get_priority_min,common,sys_sched_get_priority_min,implemented_pending_runtime,LINUX_SYS_SCHED_GET_PRIORITY_MIN,kernel/ntclks/syscall_process.c,401,partial_guest,"Native policy validation returns Linux priority ranges (OTHER/BATCH/IDLE=0, FIFO/RR=1); invalid policy EINVAL passes in static/dynamic build/musl/abi-probes-qemu-20260909-13.log"
148,sched_rr_get_interval,common,sys_sched_rr_get_interval,implemented_pending_runtime,LINUX_SYS_SCHED_RR_GET_INTERVAL,kernel/ntclks/syscall_process.c,459,partial_guest,"Returns the current native scheduler tick interval for current/valid targets and validates output pointer and invalid PID; static/dynamic raw musl checks pass in build/musl/abi-probes-qemu-20260909-18.log; policy-specific timing and SMP scheduler behavior remain pending"
149,mlock,common,sys_mlock,implemented_pending_runtime,LINUX_SYS_MLOCK,kernel/ntclks/syscall_mm.c,1082,partial_guest,"Native mapped-range validation and VMA lock state pass in static/dynamic musl build/musl/abi-probes-qemu-20260909-27.log; resident-page accounting, RLIMIT_MEMLOCK and unaligned-range behavior remain"
150,munlock,common,sys_munlock,implemented_pending_runtime,LINUX_SYS_MUNLOCK,kernel/ntclks/syscall_mm.c,1088,partial_guest,"Native mapped-range validation and VMA unlock state pass in static/dynamic musl build/musl/abi-probes-qemu-20260909-27.log; resident-page accounting, RLIMIT_MEMLOCK and unaligned-range behavior remain"
151,mlockall,common,sys_mlockall,implemented_pending_runtime,LINUX_SYS_MLOCKALL,kernel/ntclks/syscall_mm.c,1093,partial_guest,"Native MCL_CURRENT/MCL_FUTURE/MCL_ONFAULT flags and VMA state pass in static/dynamic musl build/musl/abi-probes-qemu-20260909-27.log; stack accounting and RLIMIT_MEMLOCK remain"
152,munlockall,common,sys_munlockall,implemented_pending_runtime,LINUX_SYS_MUNLOCKALL,kernel/ntclks/syscall_mm.c,1108,partial_guest,"Native VMA unlock-all state and future-lock reset pass in static/dynamic musl build/musl/abi-probes-qemu-20260909-27.log; complete shared-mm and exec transitions remain"
153,vhangup,common,sys_vhangup,missing_dispatch,,,,not_verified,See LINUX_ABI_PROGRESS_2026-09-08.md; no full ABI certification
154,modify_ldt,common,sys_modify_ldt,missing_dispatch,,,,not_verified,See LINUX_ABI_PROGRESS_2026-09-08.md; no full ABI certification
155,pivot_root,common,sys_pivot_root,missing_dispatch,,,,not_verified,See LINUX_ABI_PROGRESS_2026-09-08.md; no full ABI certification
156,_sysctl,64,sys_ni_syscall,linux_reserved_or_ni,,,,excluded_linux_reserved,Linux v6.12 reserved/ni; not an implementation obligation
157,prctl,common,sys_prctl,implemented_pending_runtime,LINUX_SYS_PRCTL,kernel/ntclks/syscall_process.c,475,partial_guest,"Native PR_SET_NAME/PR_GET_NAME 16-byte task-name contract and persistent dumpable query/set pass in static/dynamic musl build/musl/prctl-after-serial-2.log; other prctl operations and dumpability inheritance remain unsupported"
158,arch_prctl,common,sys_arch_prctl,implemented_pending_runtime,LINUX_SYS_ARCH_PRCTL,kernel/ntclks/syscall.c,2885,partial_guest,"FS get/set, 32-bit command, writable output and four-level Linux TASK_SIZE_MAX checks PASS: build/musl/tls-after-serial.log; Linux v6.12 reference PASS. GS and other commands remain unimplemented"
159,adjtimex,common,sys_adjtimex,routed_not_certified,__NR_adjtimex,kernel/ntclks/syscall.c,4794,partial_guest,"2026-09-15 native timex, actual frequency/PLL/FLL phase discipline, adjtime, bounds, permissions and leap state host ASan/UBSan PASS: tools/test_openrc_network.py. Original BusyBox ntpd stepped guest clock via local NTP responder and accepted adjtimex; clock_adjtime realtime alias not yet guest-certified. ADJ_SETOFFSET and dynamic clock devices unsupported; full Linux ABI parity not claimed. See OPENRC_MIGRATION_STATUS.md."
160,setrlimit,common,sys_setrlimit,implemented_pending_runtime,LINUX_SYS_SETRLIMIT,kernel/ntclks/syscall.c,4154,partial_guest,"NOFILE/AS/SIGPENDING/STACK real soft/hard, shared pthread limits, fork/exec inheritance, cross-process permission, copy-fault commit, zero limits, MAP_FIXED net AS growth and RLIMIT_STACK set/get round-trip plus real growth enforcement PASS: build/musl/rlimit-as-after-serial.log and build/gcc-probe/guest-serial.log; Linux 6.12/host raw reference PASS: build/musl/rlimit-linux-reference-serial.log and build/host-regressions-20260910.log; other 12 resources still ENOSYS, full capability/reaped-task/exec-AS/SIGXCPU/VMware remain"
161,chroot,common,sys_chroot,missing_dispatch,,,,not_verified,See LINUX_ABI_PROGRESS_2026-09-08.md; no full ABI certification
162,sync,common,sys_sync,routed_not_certified,LINUX_SYS_SYNC,kernel/ntclks/syscall.c,3242,partial_guest,Native sync entry returns after synchronous storage writes; full filesystem-wide writeback and error propagation remain
163,acct,common,sys_acct,missing_dispatch,,,,not_verified,See LINUX_ABI_PROGRESS_2026-09-08.md; no full ABI certification
164,settimeofday,common,sys_settimeofday,routed_not_certified,LINUX_SYS_SETTIMEOFDAY,kernel/ntclks/syscall.c,2874,not_verified,See LINUX_ABI_PROGRESS_2026-09-08.md; no full ABI certification
165,mount,common,sys_mount,routed_not_certified,LINUX_SYS_MOUNT,kernel/ntclks/syscall.c,4048,partial_guest,"2026-09-13 official util-linux tmpfs mount and real sparse RAM filesystem PASS QEMU live-smp1/install-smp2; page/inode quota and mode/uid/gid; readonly remount rejects live writers/VMAs; bind/namespace/size-changing remount and full superblock writer accounting remain; see UPSTREAM_TOOLS.md"
166,umount2,common,sys_umount,routed_not_certified,LINUX_SYS_UMOUNT2,kernel/ntclks/syscall.c,4119,partial_guest,"2026-09-13 official util-linux tmpfs umount PASS QEMU live-smp1/install-smp2; EBUSY for fd/cwd/mmap references and underlying directory restored; MNT_DETACH/MNT_FORCE and full namespace semantics remain; see UPSTREAM_TOOLS.md"
167,swapon,common,sys_swapon,missing_dispatch,,,,not_verified,See LINUX_ABI_PROGRESS_2026-09-08.md; no full ABI certification
168,swapoff,common,sys_swapoff,missing_dispatch,,,,not_verified,See LINUX_ABI_PROGRESS_2026-09-08.md; no full ABI certification
169,reboot,common,sys_reboot,routed_not_certified,LINUX_SYS_REBOOT,kernel/ntclks/syscall.c,2876,not_verified,See LINUX_ABI_PROGRESS_2026-09-08.md; no full ABI certification
170,sethostname,common,sys_sethostname,implemented_pending_runtime,LINUX_SYS_SETHOSTNAME,kernel/ntclks/syscall_process.c,532,partial_guest,"Native hostname update validates root euid, Linux 64-byte limit, exact length and user range; uname returns the persisted value. Static/dynamic musl probes pass in build/musl/utsname-after-serial.log; per-UTS-namespace isolation and full capability checks remain"
171,setdomainname,common,sys_setdomainname,implemented_pending_runtime,LINUX_SYS_SETDOMAINNAME,kernel/ntclks/syscall_process.c,532,partial_guest,"Native domain-name update validates root euid, Linux 64-byte limit, exact length and user range; uname returns the persisted value. Static/dynamic musl probes pass in build/musl/utsname-after-serial.log; per-UTS-namespace isolation and full capability checks remain"
172,iopl,common,sys_iopl,missing_dispatch,,,,not_verified,See LINUX_ABI_PROGRESS_2026-09-08.md; no full ABI certification
173,ioperm,common,sys_ioperm,missing_dispatch,,,,not_verified,See LINUX_ABI_PROGRESS_2026-09-08.md; no full ABI certification
174,create_module,64,,linux_reserved_or_ni,,,,excluded_linux_reserved,Linux v6.12 reserved/ni; not an implementation obligation
175,init_module,common,sys_init_module,missing_dispatch,,,,not_verified,See LINUX_ABI_PROGRESS_2026-09-08.md; no full ABI certification
176,delete_module,common,sys_delete_module,missing_dispatch,,,,not_verified,See LINUX_ABI_PROGRESS_2026-09-08.md; no full ABI certification
177,get_kernel_syms,64,,linux_reserved_or_ni,,,,excluded_linux_reserved,Linux v6.12 reserved/ni; not an implementation obligation
178,query_module,64,,linux_reserved_or_ni,,,,excluded_linux_reserved,Linux v6.12 reserved/ni; not an implementation obligation
179,quotactl,common,sys_quotactl,missing_dispatch,,,,not_verified,See LINUX_ABI_PROGRESS_2026-09-08.md; no full ABI certification
180,nfsservctl,64,,linux_reserved_or_ni,,,,excluded_linux_reserved,Linux v6.12 reserved/ni; not an implementation obligation
181,getpmsg,common,,linux_reserved_or_ni,,,,excluded_linux_reserved,Linux v6.12 reserved/ni; not an implementation obligation
182,putpmsg,common,,linux_reserved_or_ni,,,,excluded_linux_reserved,Linux v6.12 reserved/ni; not an implementation obligation
183,afs_syscall,common,,linux_reserved_or_ni,,,,excluded_linux_reserved,Linux v6.12 reserved/ni; not an implementation obligation
184,tuxcall,common,,linux_reserved_or_ni,,,,excluded_linux_reserved,Linux v6.12 reserved/ni; not an implementation obligation
185,security,common,,linux_reserved_or_ni,,,,excluded_linux_reserved,Linux v6.12 reserved/ni; not an implementation obligation
186,gettid,common,sys_gettid,implemented_pending_runtime,LINUX_SYS_GETTID,kernel/ntclks/syscall.c,2884,partial_guest,Static/dynamic musl TLS/contention/cancel/robust exit/worker exec and FUTEX_WAKE_OP PASS: build/musl/fd-boundaries-after-serial.log; 14 upstream pthread/synchronization cases exit 0: build/musl/final-ltp-serial.log; PI/clone3/full flags and SMP outstanding
187,readahead,common,sys_readahead,implemented_pending_runtime,LINUX_SYS_READAHEAD,kernel/ntclks/syscall.c,3490,partial_guest,"Native fd, signed offset and regular-file/block-device checks pass in static/dynamic musl build/musl/abi-probes-qemu-20260909-22.log; backend cache population and full error matrix remain"
188,setxattr,common,sys_setxattr,missing_dispatch,,,,not_verified,See LINUX_ABI_PROGRESS_2026-09-08.md; no full ABI certification
189,lsetxattr,common,sys_lsetxattr,missing_dispatch,,,,not_verified,See LINUX_ABI_PROGRESS_2026-09-08.md; no full ABI certification
190,fsetxattr,common,sys_fsetxattr,missing_dispatch,,,,not_verified,See LINUX_ABI_PROGRESS_2026-09-08.md; no full ABI certification
191,getxattr,common,sys_getxattr,missing_dispatch,,,,not_verified,See LINUX_ABI_PROGRESS_2026-09-08.md; no full ABI certification
192,lgetxattr,common,sys_lgetxattr,missing_dispatch,,,,not_verified,See LINUX_ABI_PROGRESS_2026-09-08.md; no full ABI certification
193,fgetxattr,common,sys_fgetxattr,missing_dispatch,,,,not_verified,See LINUX_ABI_PROGRESS_2026-09-08.md; no full ABI certification
194,listxattr,common,sys_listxattr,missing_dispatch,,,,not_verified,See LINUX_ABI_PROGRESS_2026-09-08.md; no full ABI certification
195,llistxattr,common,sys_llistxattr,missing_dispatch,,,,not_verified,See LINUX_ABI_PROGRESS_2026-09-08.md; no full ABI certification
196,flistxattr,common,sys_flistxattr,missing_dispatch,,,,not_verified,See LINUX_ABI_PROGRESS_2026-09-08.md; no full ABI certification
197,removexattr,common,sys_removexattr,missing_dispatch,,,,not_verified,See LINUX_ABI_PROGRESS_2026-09-08.md; no full ABI certification
198,lremovexattr,common,sys_lremovexattr,missing_dispatch,,,,not_verified,See LINUX_ABI_PROGRESS_2026-09-08.md; no full ABI certification
199,fremovexattr,common,sys_fremovexattr,missing_dispatch,,,,not_verified,See LINUX_ABI_PROGRESS_2026-09-08.md; no full ABI certification
200,tkill,common,sys_tkill,implemented_pending_runtime,LINUX_SYS_TKILL,kernel/ntclks/syscall.c,4149,partial_guest,"Static/dynamic native frames/altstack/SIMD, shared process pending vs TID delivery, SIGALRM/exec and timed interruptions PASS: build/musl/fd-boundaries-after-serial.log; realtime queues, complete siginfo/default/error semantics outstanding"
201,time,common,sys_time,implemented_pending_runtime,LINUX_SYS_TIME,kernel/ntclks/syscall.c,4147,partial_guest,Raw time_t pointer/return and EFAULT boundary pass in build/musl/abi-probes-qemu-20260909-3.log for static and dynamic musl; realtime source validity and 32-bit compat are outside native scope
202,futex,common,sys_futex,implemented_pending_runtime,LINUX_SYS_FUTEX,kernel/ntclks/syscall.c,4187,partial_guest,Static/dynamic musl TLS/contention/cancel/robust exit/worker exec and FUTEX_WAKE_OP PASS: build/musl/fd-boundaries-after-serial.log; 14 upstream pthread/synchronization cases exit 0: build/musl/final-ltp-serial.log; PI/clone3/full flags and SMP outstanding; read-only shared futex backing-type rules and file-backed exit-write-fault wakeups remain unverified
203,sched_setaffinity,common,sys_sched_setaffinity,routed_not_certified,LINUX_SYS_SCHED_SETAFFINITY,kernel/ntclks/syscall.c,2875,partial_guest,"Native short/long masks, pointer/ESRCH ordering, cross-user EPERM and musl pthread affinity PASS: build/musl/affinity-after-serial.log; Linux v6.12 reference PASS; Picolibc actual-size wrapper tested. B33 capability/cpuset/hotplug and AP scheduling remain"
204,sched_getaffinity,common,sys_sched_getaffinity,routed_not_certified,LINUX_SYS_SCHED_GETAFFINITY,kernel/ntclks/syscall.c,2876,partial_guest,"Native raw byte count, 32-bit PID/length, buffer boundaries and musl pthread affinity PASS: build/musl/affinity-after-serial.log; Linux v6.12 reference PASS; Picolibc wrappers tested in both sysroots. B33 capability/cpuset/hotplug, zombie lifetime and AP scheduling remain"
205,set_thread_area,64,,linux_reserved_or_ni,,,,excluded_linux_reserved,Linux v6.12 reserved/ni; not an implementation obligation
206,io_setup,64,sys_io_setup,missing_dispatch,,,,not_verified,See LINUX_ABI_PROGRESS_2026-09-08.md; no full ABI certification
207,io_destroy,common,sys_io_destroy,missing_dispatch,,,,not_verified,See LINUX_ABI_PROGRESS_2026-09-08.md; no full ABI certification
208,io_getevents,common,sys_io_getevents,missing_dispatch,,,,not_verified,See LINUX_ABI_PROGRESS_2026-09-08.md; no full ABI certification
209,io_submit,64,sys_io_submit,missing_dispatch,,,,not_verified,See LINUX_ABI_PROGRESS_2026-09-08.md; no full ABI certification
210,io_cancel,common,sys_io_cancel,missing_dispatch,,,,not_verified,See LINUX_ABI_PROGRESS_2026-09-08.md; no full ABI certification
211,get_thread_area,64,,linux_reserved_or_ni,,,,excluded_linux_reserved,Linux v6.12 reserved/ni; not an implementation obligation
212,lookup_dcookie,common,,linux_reserved_or_ni,,,,excluded_linux_reserved,Linux v6.12 reserved/ni; not an implementation obligation
213,epoll_create,common,sys_epoll_create,implemented_pending_runtime,LINUX_SYS_EPOLL_CREATE,kernel/ntclks/syscall.c,3047,partial_guest,"Raw static/dynamic musl epoll ABI probe passes in /tmp/leonos-epoll-guest-20260910c.log (END failed=0); full resource limits and lifetime semantics remain"
214,epoll_ctl_old,64,,linux_reserved_or_ni,,,,excluded_linux_reserved,Linux v6.12 reserved/ni; not an implementation obligation
215,epoll_wait_old,64,,linux_reserved_or_ni,,,,excluded_linux_reserved,Linux v6.12 reserved/ni; not an implementation obligation
216,remap_file_pages,common,sys_remap_file_pages,missing_dispatch,,,,not_verified,See LINUX_ABI_PROGRESS_2026-09-08.md; no full ABI certification
217,getdents64,common,sys_getdents64,implemented_pending_runtime,LINUX_SYS_GETDENTS64,kernel/ntclks/syscall.c,3822,partial_guest,Static/dynamic musl proc_directories PASS in build/musl/permissions-rename-probe-serial.log: 19-byte header; writable user buffer; short-buffer cursor preservation; proc task traversal. Inode identity; seek; ordinary directory and lifetime contracts remain; proc status PID/TGID/UID/GID/VmRSS subset PASS: build/musl/proc-status-after-serial.log; full procfs schema/access/lifecycle remain
218,set_tid_address,common,sys_set_tid_address,implemented_pending_runtime,LINUX_SYS_SET_TID_ADDRESS,kernel/ntclks/syscall.c,2885,partial_guest,"Pointer registration without eager access, shared-mm-only clear/wake, last-mm retention, unaligned/cross-page writes and invalid/readonly exit pointers PASS: build/musl/tls-after-serial.log; Linux v6.12 reference PASS. Full thread/exec/SMP lifecycle remains uncertified; read-only shared futex backing-type rules and file-backed exit-write-fault wakeups remain unverified"
219,restart_syscall,common,sys_restart_syscall,missing_dispatch,,,,not_verified,See LINUX_ABI_PROGRESS_2026-09-08.md; no full ABI certification
220,semtimedop,common,sys_semtimedop,implemented_pending_runtime,LINUX_SYS_SEMTIMEDOP,kernel/ntclks/syscall_ipc.c,264,partial_host,"Real semop vectors with imported relative timeout and retained monotonic deadline; validation order; zero timeout; EAGAIN without retry; unchanged timespec; EINTR and stop/continue. Kernel ASan/UBSan; host raw ABI and musl builds PASS. Existing 100 Hz wake lacks full hrtimer/timer_slack; namespace/SMP/guest remain"
221,fadvise64,common,sys_fadvise64,implemented_pending_runtime,LINUX_SYS_FADVISE64,kernel/ntclks/syscall.c,2965,partial_guest,Native argument/error validation implemented; negative offset/length return EINVAL and bad fd returns EBADF; cache advice is still a validated no-op and lacks runtime probe
222,timer_create,64,sys_timer_create,completed,LINUX_SYS_TIMER_CREATE,kernel/ntclks/syscall_time.c,98,partial_guest,"Native clock, sigevent, target-thread and output-pointer validation; static/dynamic musl OVMF probe reaches END failed=0 including SIGEV_NONE and SIGEV_THREAD_ID; complete signal-info/resource-limit/SMP coverage remains"
223,timer_settime,common,sys_timer_settime,completed,LINUX_SYS_TIMER_SETTIME,kernel/ntclks/syscall_time.c,130,partial_guest,"Native relative/absolute one-shot and periodic timespec handling; static/dynamic musl OVMF probe reaches END failed=0; full clock and overrun edge coverage remains"
224,timer_gettime,common,sys_timer_gettime,completed,LINUX_SYS_TIMER_GETTIME,kernel/ntclks/syscall_time.c,151,partial_guest,"Native remaining/interval timespec query passes the static/dynamic musl OVMF probe; full clock-adjustment and SMP coverage remains"
225,timer_getoverrun,common,sys_timer_getoverrun,completed,LINUX_SYS_TIMER_GETOVERRUN,kernel/ntclks/syscall_time.c,164,partial_guest,"Native timer overrun accounting is implemented and basic zero-overrun query passes the static/dynamic musl OVMF probe; siginfo overrun delivery and stress coverage remain"
226,timer_delete,common,sys_timer_delete,completed,LINUX_SYS_TIMER_DELETE,kernel/ntclks/syscall_time.c,157,partial_guest,"Native task-owned timer deletion passes the static/dynamic musl OVMF probe; lifetime/resource-limit stress remains"
227,clock_settime,common,sys_clock_settime,implemented_pending_runtime,LINUX_SYS_CLOCK_SETTIME,kernel/ntclks/syscall_process.c,542,partial_guest,"Native CLOCK_REALTIME root/timespec validation and invalid-nanosecond rejection pass in static/dynamic musl build/musl/abi-probes-qemu-20260909-26.log; RTC persistence, privilege capabilities and clock adjustment interactions remain"
228,clock_gettime,common,sys_clock_gettime,routed_not_certified,LINUX_SYS_CLOCK_GETTIME,kernel/ntclks/syscall.c,2874,partial_guest,"Actual deadline/timespec/remaining-copy sanitizer fixtures and static/dynamic musl timed interruption PASS: build/musl/namespace-probes-serial.log; reference Linux 6.12 cases PASS; CPU clocks, timers, clock adjustment and complete stop/restart semantics outstanding"
229,clock_getres,common,sys_clock_getres,implemented_pending_runtime,LINUX_SYS_CLOCK_GETRES,kernel/ntclks/syscall_process.c,779,partial_guest,"Native clock resolution output and invalid-clock validation implemented; raw guest precision/error matrix remains"
230,clock_nanosleep,common,sys_clock_nanosleep,implemented_pending_runtime,LINUX_SYS_CLOCK_NANOSLEEP,kernel/ntclks/syscall.c,4175,partial_guest,"Actual deadline/timespec/remaining-copy sanitizer fixtures and static/dynamic musl timed interruption PASS: build/musl/namespace-probes-serial.log; reference Linux 6.12 cases PASS; CPU clocks, timers, clock adjustment and complete stop/restart semantics outstanding"
231,exit_group,common,sys_exit_group,implemented_pending_runtime,LINUX_SYS_EXIT_GROUP,kernel/ntclks/syscall.c,3213,partial_guest,"Static/dynamic musl thread contention, robust owner death, lifecycle, timed interruption and worker exec PASS: build/musl/namespace-probes-serial.log; six upstream Open POSIX pthread cases exit 0: build/musl/namespace-ltp-serial.log; reference Linux 6.12 tests PASS; LeonOS BSP only, PI/clone3 and complete restart semantics outstanding; Final-thread exit queues configured parent signal once after all user frames retire; native SIGCHLD/session zombie test and host group-exit fixture PASS: build/musl/session-notify-probes-serial.log, build/musl/session-notify-threads-host.log; full siginfo/SA_NOCLDWAIT/reparent/wait clone options remain"
232,epoll_wait,common,sys_epoll_wait,implemented_pending_runtime,LINUX_SYS_EPOLL_WAIT,kernel/ntclks/syscall.c,3137,partial_guest,"Raw static/dynamic musl level/oneshot readiness, timeout, packed event layout and pipe lifecycle probe passes in /tmp/leonos-epoll-guest-20260910c.log (END failed=0); complete wakeup, concurrency and device readiness semantics remain"
233,epoll_ctl,common,sys_epoll_ctl,implemented_pending_runtime,LINUX_SYS_EPOLL_CTL,kernel/ntclks/syscall.c,3086,partial_guest,"Raw static/dynamic musl ADD/MOD/DEL and packed event ABI probe passes in /tmp/leonos-epoll-guest-20260910c.log (END failed=0); full target lifetime/error matrix remains"
234,tgkill,common,sys_tgkill,implemented_pending_runtime,LINUX_SYS_TGKILL,kernel/ntclks/syscall.c,4150,partial_guest,"Static/dynamic native frames/altstack/SIMD, shared process pending vs TID delivery, SIGALRM/exec and timed interruptions PASS: build/musl/fd-boundaries-after-serial.log; realtime queues, complete siginfo/default/error semantics outstanding"
235,utimes,common,sys_utimes,implemented_pending_runtime,LINUX_SYS_UTIMES,kernel/ntclks/syscall.c,4063,partial_guest,"Native timeval timestamp dispatch implemented; raw musl precision/permission and QEMU runtime remain"
236,vserver,64,,linux_reserved_or_ni,,,,excluded_linux_reserved,Linux v6.12 reserved/ni; not an implementation obligation
237,mbind,common,sys_mbind,missing_dispatch,,,,not_verified,See LINUX_ABI_PROGRESS_2026-09-08.md; no full ABI certification
238,set_mempolicy,common,sys_set_mempolicy,missing_dispatch,,,,not_verified,See LINUX_ABI_PROGRESS_2026-09-08.md; no full ABI certification
239,get_mempolicy,common,sys_get_mempolicy,missing_dispatch,,,,not_verified,See LINUX_ABI_PROGRESS_2026-09-08.md; no full ABI certification
240,mq_open,common,sys_mq_open,missing_dispatch,,,,not_verified,See LINUX_ABI_PROGRESS_2026-09-08.md; no full ABI certification
241,mq_unlink,common,sys_mq_unlink,missing_dispatch,,,,not_verified,See LINUX_ABI_PROGRESS_2026-09-08.md; no full ABI certification
242,mq_timedsend,common,sys_mq_timedsend,missing_dispatch,,,,not_verified,See LINUX_ABI_PROGRESS_2026-09-08.md; no full ABI certification
243,mq_timedreceive,common,sys_mq_timedreceive,missing_dispatch,,,,not_verified,See LINUX_ABI_PROGRESS_2026-09-08.md; no full ABI certification
244,mq_notify,64,sys_mq_notify,missing_dispatch,,,,not_verified,See LINUX_ABI_PROGRESS_2026-09-08.md; no full ABI certification
245,mq_getsetattr,common,sys_mq_getsetattr,missing_dispatch,,,,not_verified,See LINUX_ABI_PROGRESS_2026-09-08.md; no full ABI certification
246,kexec_load,64,sys_kexec_load,missing_dispatch,,,,not_verified,See LINUX_ABI_PROGRESS_2026-09-08.md; no full ABI certification
247,waitid,64,sys_waitid,implemented_pending_runtime,LINUX_SYS_WAITID,kernel/ntclks/syscall.c,4337,partial_guest,Native P_ALL/P_PID/P_PGID and siginfo write path implemented; waitid remains partial without WNOWAIT and complete stopped/continued/siginfo semantics
248,add_key,common,sys_add_key,missing_dispatch,,,,not_verified,See LINUX_ABI_PROGRESS_2026-09-08.md; no full ABI certification
249,request_key,common,sys_request_key,missing_dispatch,,,,not_verified,See LINUX_ABI_PROGRESS_2026-09-08.md; no full ABI certification
250,keyctl,common,sys_keyctl,missing_dispatch,,,,not_verified,See LINUX_ABI_PROGRESS_2026-09-08.md; no full ABI certification
251,ioprio_set,common,sys_ioprio_set,missing_dispatch,,,,not_verified,See LINUX_ABI_PROGRESS_2026-09-08.md; no full ABI certification
252,ioprio_get,common,sys_ioprio_get,missing_dispatch,,,,not_verified,See LINUX_ABI_PROGRESS_2026-09-08.md; no full ABI certification
253,inotify_init,common,sys_inotify_init,missing_dispatch,,,,not_verified,See LINUX_ABI_PROGRESS_2026-09-08.md; no full ABI certification
254,inotify_add_watch,common,sys_inotify_add_watch,missing_dispatch,,,,not_verified,See LINUX_ABI_PROGRESS_2026-09-08.md; no full ABI certification
255,inotify_rm_watch,common,sys_inotify_rm_watch,missing_dispatch,,,,not_verified,See LINUX_ABI_PROGRESS_2026-09-08.md; no full ABI certification
256,migrate_pages,common,sys_migrate_pages,missing_dispatch,,,,not_verified,See LINUX_ABI_PROGRESS_2026-09-08.md; no full ABI certification
257,openat,common,sys_openat,routed_not_certified,LINUX_SYS_OPENAT,kernel/ntclks/syscall.c,3244,partial_guest,"Static/dynamic musl permission probes PASS in build/musl/permissions-final-probe-serial.log; B06/B10/B16/B17 remaining contracts in ledger; fd allocation/limits and native parameter widths PASS: build/musl/fd-boundaries-after-serial.log; common allocator includes fd 0/3, dup2 expansion, SCM lowest-free fd and rollback. Full object lifecycle/flags remain in ledger"
258,mkdirat,common,sys_mkdirat,implemented_pending_runtime,LINUX_SYS_MKDIRAT,kernel/ntclks/syscall.c,3968,partial_guest,Static/dynamic musl permission probes PASS in build/musl/permissions-final-probe-serial.log; B06/B10/B16/B17 remaining contracts in ledger
259,mknodat,common,sys_mknodat,routed_not_certified,__NR_mknodat,kernel/ntclks/syscall.c,5355,partial_guest,2026-09-15 ext2/tmpfs FIFO nodes and blocking/nonblocking open/read/write/dup/unlink/signal host + QEMU smp2 PASS: tools/test_linux_fifo.py --guest; character/block node creation and other filesystems remain unsupported; no full ABI certification.
260,fchownat,common,sys_fchownat,implemented_pending_runtime,LINUX_SYS_FCHOWNAT,kernel/ntclks/syscall.c,2897,partial_guest,Static/dynamic musl permission probes PASS in build/musl/permissions-final-probe-serial.log; B06/B10/B16/B17 remaining contracts in ledger
261,futimesat,common,sys_futimesat,implemented_pending_runtime,LINUX_SYS_FUTIMESAT,kernel/ntclks/syscall.c,4063,partial_guest,"Native dirfd-relative timeval timestamp dispatch implemented; raw musl and full permission/error matrix remain"
262,newfstatat,common,sys_newfstatat,implemented_pending_runtime,LINUX_SYS_NEWFSTATAT,kernel/ntclks/syscall.c,3645,partial_guest,Static/dynamic musl permission probes PASS in build/musl/permissions-final-probe-serial.log; B06/B10/B16/B17 remaining contracts in ledger
263,unlinkat,common,sys_unlinkat,implemented_pending_runtime,LINUX_SYS_UNLINKAT,kernel/ntclks/syscall.c,3993,partial_guest,Static/dynamic musl permission probes PASS in build/musl/permissions-final-probe-serial.log; B06/B10/B16/B17 remaining contracts in ledger
264,renameat,common,sys_renameat,implemented_pending_runtime,LINUX_SYS_RENAMEAT,kernel/ntclks/syscall.c,4118,partial_guest,Raw dirfd-relative renameat create/getdents round trip PASS in build/musl/abi-probes-qemu-20260908-11.log for static and dynamic musl; cross-directory transaction and open-fd lifetime remain
265,linkat,common,sys_linkat,implemented_pending_runtime,LINUX_SYS_LINKAT,kernel/ntclks/syscall.c,5301,partial_host,"Added AT_SYMLINK_FOLLOW selection and nofollow symlink hard links; ext2 directory-reference tests pass; AT_EMPTY_PATH needs inode-based lookup and capability checks; final-unlink open-fd retention and guest execution remain"
266,symlinkat,common,sys_symlinkat,implemented_pending_runtime,LINUX_SYS_SYMLINKAT,kernel/ntclks/syscall.c,5312,partial_host,"Correct native target/newdirfd/linkpath argument order and shared symlink implementation; ext2 and permission host tests pass; raw Linux reference probe added to musl; pathname limits/dirfd lifetime/ACL/capabilities/timestamps and guest execution remain"
267,readlinkat,common,sys_readlinkat,implemented_pending_runtime,LINUX_SYS_READLINKAT,kernel/ntclks/syscall.c,5367,partial_host,"Ext2 readlink with dirfd-relative nofollow resolution and empty-path parsing; host ext2 and raw Linux reference tests pass; O_PATH fd retention after rename/unlink and full proc/path/access behavior remain"
268,fchmodat,common,sys_fchmodat,implemented_pending_runtime,LINUX_SYS_FCHMODAT,kernel/ntclks/syscall.c,2896,partial_guest,Static/dynamic musl permission probes PASS in build/musl/permissions-final-probe-serial.log; B06/B10/B16/B17 remaining contracts in ledger
269,faccessat,common,sys_faccessat,implemented_pending_runtime,LINUX_SYS_FACCESSAT,kernel/ntclks/syscall.c,2897,partial_guest,Static/dynamic musl permission probes PASS in build/musl/permissions-final-probe-serial.log; B06/B10/B16/B17 remaining contracts in ledger
270,pselect6,common,sys_pselect6,implemented_pending_runtime,LINUX_SYS_PSELECT6,kernel/ntclks/syscall.c,3080,partial_guest,Raw no-mask pselect6 struct and timespec translation PASS in build/musl/abi-probes-qemu-20260908-12.log for static and dynamic musl; atomic signal-mask install/restore remains EOPNOTSUPP
271,ppoll,common,sys_ppoll,implemented_pending_runtime,LINUX_SYS_PPOLL,kernel/ntclks/syscall.c,2953,partial_guest,Raw timespec validation and no-mask descriptor path PASS in build/musl/abi-probes-qemu-20260908-11.log for static and dynamic musl; atomic signal-mask handoff remains EOPNOTSUPP
272,unshare,common,sys_unshare,missing_dispatch,,,,not_verified,See LINUX_ABI_PROGRESS_2026-09-08.md; no full ABI certification
273,set_robust_list,64,sys_set_robust_list,implemented_pending_runtime,LINUX_SYS_SET_ROBUST_LIST,kernel/ntclks/syscall.c,2886,partial_guest,Static/dynamic musl TLS/contention/cancel/robust exit/worker exec and FUTEX_WAKE_OP PASS: build/musl/fd-boundaries-after-serial.log; 14 upstream pthread/synchronization cases exit 0: build/musl/final-ltp-serial.log; PI/clone3/full flags and SMP outstanding
274,get_robust_list,64,sys_get_robust_list,implemented_pending_runtime,LINUX_SYS_GET_ROBUST_LIST,kernel/ntclks/syscall.c,2886,partial_guest,Static/dynamic musl TLS/contention/cancel/robust exit/worker exec and FUTEX_WAKE_OP PASS: build/musl/fd-boundaries-after-serial.log; 14 upstream pthread/synchronization cases exit 0: build/musl/final-ltp-serial.log; PI/clone3/full flags and SMP outstanding
275,splice,common,sys_splice,missing_dispatch,,,,not_verified,See LINUX_ABI_PROGRESS_2026-09-08.md; no full ABI certification
276,tee,common,sys_tee,missing_dispatch,,,,not_verified,See LINUX_ABI_PROGRESS_2026-09-08.md; no full ABI certification
277,sync_file_range,common,sys_sync_file_range,implemented_pending_runtime,LINUX_SYS_SYNC_FILE_RANGE,kernel/ntclks/syscall.c,3226,partial_guest,"Raw fd, signed range and WAIT/WRITE flag validation pass in build/musl/abi-probes-qemu-20260909-4.log for static and dynamic musl; backend writes are already synchronous, but filesystem error/writeback ordering remains incomplete"
278,vmsplice,64,sys_vmsplice,missing_dispatch,,,,not_verified,See LINUX_ABI_PROGRESS_2026-09-08.md; no full ABI certification
279,move_pages,64,sys_move_pages,missing_dispatch,,,,not_verified,See LINUX_ABI_PROGRESS_2026-09-08.md; no full ABI certification
280,utimensat,common,sys_utimensat,implemented_pending_runtime,LINUX_SYS_UTIMENSAT,kernel/ntclks/syscall.c,4063,partial_guest,"Native AT_* and UTIME_NOW/UTIME_OMIT handling implemented; ext2 nanosecond persistence and QEMU/LTP rerun remain"
281,epoll_pwait,common,sys_epoll_pwait,implemented_pending_runtime,LINUX_SYS_EPOLL_PWAIT,kernel/ntclks/syscall.c,3194,partial_guest,"No-mask raw epoll wait path passes static/dynamic musl probe in /tmp/leonos-epoll-guest-20260910c.log (END failed=0); atomic temporary signal-mask semantics remain"
282,signalfd,common,sys_signalfd,implemented_pending_runtime,LINUX_SYS_SIGNALFD,kernel/ntclks/syscall.c,4259,partial_host,"Native mask/OFD and actual private/process siginfo queues; readv snapshots and fault consumption; scheduler wake and signal-frame restart tests PASS; host raw syscall comparison and musl/kernel builds PASS. Anonymous inode metadata/procfs; other signal producers; full poll/SMP and guest execution remain; see signalfd checkpoint in LINUX_ABI_PROGRESS_2026-09-08.md"
283,timerfd_create,common,sys_timerfd_create,implemented_pending_runtime,LINUX_SYS_TIMERFD_CREATE,kernel/ntclks/syscall.c,1052,partial_guest,"Raw static/dynamic musl timerfd create/nonblock/cloexec probe passes in /tmp/leonos-timerfd-guest-20260910b.log (END failed=0); cancel-on-set, limits and cross-process lifetime remain"
284,eventfd,common,sys_eventfd,implemented_pending_runtime,LINUX_SYS_EVENTFD,kernel/ntclks/syscall.c,3407,partial_guest,"Raw event counter read/write, EFD_NONBLOCK/EFD_SEMAPHORE validation and poll readiness PASS in build/musl/abi-probes-qemu-20260909-11.log for static and dynamic musl; full wait-queue wakeups, overflow blocking and lifecycle/resource limits remain"
285,fallocate,common,sys_fallocate,implemented_pending_runtime,LINUX_SYS_FALLOCATE,kernel/ntclks/syscall.c,3204,partial_guest,"Raw mode-zero file extension, fd stat refresh, unsupported mode and negative offset validation PASS in build/musl/abi-probes-qemu-20260908-16.log for static and dynamic musl; native preallocation and keep-size/punch-hole modes remain incomplete"
286,timerfd_settime,common,sys_timerfd_settime,implemented_pending_runtime,LINUX_SYS_TIMERFD_SETTIME,kernel/ntclks/syscall.c,1072,partial_guest,"Raw static/dynamic musl relative periodic timer, cancellation and old-value ABI probe passes in /tmp/leonos-timerfd-guest-20260910b.log (END failed=0); absolute realtime adjustment and cancel-on-set remain"
287,timerfd_gettime,common,sys_timerfd_gettime,implemented_pending_runtime,LINUX_SYS_TIMERFD_GETTIME,kernel/ntclks/syscall.c,1128,partial_guest,"Raw static/dynamic musl remaining/interval timespec probe passes in /tmp/leonos-timerfd-guest-20260910b.log (END failed=0); clock adjustment and full error matrix remain"
288,accept4,common,sys_accept4,routed_not_certified,LINUX_SYS_ACCEPT4,kernel/ntclks/syscall.c,2860,partial_guest,"Static/dynamic Unix stream/packet, SCM_RIGHTS/credentials, close/reuse, WAITALL/PEEK, lowwater/timeouts, shutdown/poll/reset PASS: build/musl/fd-boundaries-after-serial.log; 32 groups PASS on Linux 6.12: build/musl/fd-boundaries-linux-reference-serial.log; buffers/options/INET/full concurrency outstanding"
289,signalfd4,common,sys_signalfd4,implemented_pending_runtime,LINUX_SYS_SIGNALFD4,kernel/ntclks/syscall.c,4259,partial_host,"Native SFD_NONBLOCK/CLOEXEC and validation order; shared mask update ignores creation flags; real signal queues/readv/ioctl/poll paths. Kernel ASan/UBSan; host raw Linux comparison; musl layout/build checks PASS. Anonymous inode/procfs; other signal sources; full poll/SMP and guest execution remain; see signalfd checkpoint"
290,eventfd2,common,sys_eventfd2,implemented_pending_runtime,LINUX_SYS_EVENTFD2,kernel/ntclks/syscall.c,3407,partial_guest,"Raw eventfd2 flags and shared counter behavior use the same implementation; static/dynamic musl eventfd probe PASS in build/musl/abi-probes-qemu-20260909-11.log; full wait-queue wakeups, overflow blocking and lifecycle/resource limits remain"
291,epoll_create1,common,sys_epoll_create1,implemented_pending_runtime,LINUX_SYS_EPOLL_CREATE1,kernel/ntclks/syscall.c,3047,partial_guest,"Raw static/dynamic musl EPOLL_CLOEXEC creation and close probe passes in /tmp/leonos-epoll-guest-20260910c.log (END failed=0); full fd limit/lifetime semantics remain"
292,dup3,common,sys_dup3,routed_not_certified,LINUX_SYS_DUP3,kernel/ntclks/syscall.c,3502,partial_guest,"Shared OFD offsets/status, SCM references and Unix read/recv/readv close/reuse PASS: build/musl/namespace-probes-serial.log; fcntl01 exit 0: build/musl/namespace-ltp-serial.log; inode lifetime, PTY/INET and other blocking operations outstanding; fd allocation/limits and native parameter widths PASS: build/musl/fd-boundaries-after-serial.log; common allocator includes fd 0/3, dup2 expansion, SCM lowest-free fd and rollback. Full object lifecycle/flags remain in ledger"
293,pipe2,common,sys_pipe2,routed_not_certified,LINUX_SYS_PIPE2,kernel/ntclks/syscall.c,3426,partial_guest,"See LINUX_ABI_PROGRESS_2026-09-08.md; no full ABI certification; fd allocation/limits and native parameter widths PASS: build/musl/fd-boundaries-after-serial.log; common allocator includes fd 0/3, dup2 expansion, SCM lowest-free fd and rollback. Full object lifecycle/flags remain in ledger"
294,inotify_init1,common,sys_inotify_init1,missing_dispatch,,,,not_verified,See LINUX_ABI_PROGRESS_2026-09-08.md; no full ABI certification
295,preadv,64,sys_preadv,implemented_pending_runtime,LINUX_SYS_PREADV,kernel/ntclks/syscall.c,4217,partial_guest,"Raw native x86-64 offset split, vector transfer, ESPIPE and OFD-offset preservation pass in build/musl/abi-probes-qemu-20260909-3.log for static and dynamic musl; full iov fault/short-I/O and device semantics remain"
296,pwritev,64,sys_pwritev,implemented_pending_runtime,LINUX_SYS_PWRITEV,kernel/ntclks/syscall.c,4217,partial_guest,"Raw native x86-64 offset split, vector transfer and OFD-offset preservation pass in build/musl/abi-probes-qemu-20260909-3.log for static and dynamic musl; full iov fault/short-I/O and device semantics remain"
297,rt_tgsigqueueinfo,64,sys_rt_tgsigqueueinfo,implemented_pending_runtime,LINUX_SYS_RT_TGSIGQUEUEINFO,kernel/ntclks/syscall_process.c,925,partial_host,"2026-09-10 Linux 6.12 signal.c comparison; real kernel queue ASan/UBSan and host raw syscall PASS: TGID/TID validation; SI_CODE restrictions; native payload; per-UID RT limits; thread-private FIFO; sigwait wakeup and signal frames. Kernel and musl probes build PASS; timer mixing/init/ptrace/namespaces/SMP/guest remain; see signal queue checkpoint"
298,perf_event_open,common,sys_perf_event_open,missing_dispatch,,,,not_verified,See LINUX_ABI_PROGRESS_2026-09-08.md; no full ABI certification
299,recvmmsg,64,sys_recvmmsg,implemented_pending_runtime,LINUX_SYS_RECVMMSG,kernel/ntclks/syscall_socket.c,1709,partial_host,"2026-09-10 Linux 6.12 net/socket.c comparison; real Unix backend ASan/UBSan and host raw ABI PASS: batch counts; WAITFORONE; timeout writeback; deferred SO_ERROR; SCM_RIGHTS; copyout faults; interrupted progress. Kernel and static/dynamic musl probe builds PASS. INET/OOB; retained in-flight arguments; stream/control copy faults; signal-arrival races; guest remain. See message batch checkpoint"
300,fanotify_init,common,sys_fanotify_init,missing_dispatch,,,,not_verified,See LINUX_ABI_PROGRESS_2026-09-08.md; no full ABI certification
301,fanotify_mark,common,sys_fanotify_mark,missing_dispatch,,,,not_verified,See LINUX_ABI_PROGRESS_2026-09-08.md; no full ABI certification
302,prlimit64,common,sys_prlimit64,implemented_pending_runtime,LINUX_SYS_PRLIMIT64,kernel/ntclks/syscall.c,4154,partial_guest,"NOFILE/AS/SIGPENDING/STACK real soft/hard, shared pthread limits, fork/exec inheritance, cross-process permission, copy-fault commit, alias and output-fault ordering, RLIMIT_STACK default 8 MiB/hard RLIM_INFINITY and real growth enforcement PASS: build/musl/rlimit-as-after-serial.log and build/gcc-probe/guest-serial.log; Linux 6.12/host raw reference PASS: build/musl/rlimit-linux-reference-serial.log and build/host-regressions-20260910.log; other 12 resources still ENOSYS, full capability/reaped-task/exec-AS/SIGXCPU/VMware remain"
303,name_to_handle_at,common,sys_name_to_handle_at,missing_dispatch,,,,not_verified,See LINUX_ABI_PROGRESS_2026-09-08.md; no full ABI certification
304,open_by_handle_at,common,sys_open_by_handle_at,missing_dispatch,,,,not_verified,See LINUX_ABI_PROGRESS_2026-09-08.md; no full ABI certification
305,clock_adjtime,common,sys_clock_adjtime,routed_not_certified,__NR_clock_adjtime,kernel/ntclks/syscall.c,4794,implemented_pending_validation,"2026-09-15 native timex, actual frequency/PLL/FLL phase discipline, adjtime, bounds, permissions and leap state host ASan/UBSan PASS: tools/test_openrc_network.py. Original BusyBox ntpd stepped guest clock via local NTP responder and accepted adjtimex; clock_adjtime realtime alias not yet guest-certified. ADJ_SETOFFSET and dynamic clock devices unsupported; full Linux ABI parity not claimed. See OPENRC_MIGRATION_STATUS.md."
306,syncfs,common,sys_syncfs,routed_not_certified,LINUX_SYS_SYNCFS,kernel/ntclks/syscall.c,3245,partial_guest,Native descriptor validation and synchronous-storage completion pass in build/musl/abi-probes-qemu-20260909-3.log for static and dynamic musl; mount-wide writeback and filesystem error propagation remain
307,sendmmsg,64,sys_sendmmsg,implemented_pending_runtime,LINUX_SYS_SENDMMSG,kernel/ntclks/syscall_socket.c,1709,partial_host,"2026-09-10 Linux 6.12 net/socket.c comparison; real Unix backend ASan/UBSan and host raw ABI PASS: vlen cap; short stream sends; partial results; post-send msg_len faults; retained batch progress; SCM_RIGHTS references. Kernel and static/dynamic musl probe builds PASS. INET/OOB; retained blocked-message payload; full ancillary and concurrent semantics; guest remain. See message batch checkpoint"
308,setns,common,sys_setns,missing_dispatch,,,,not_verified,See LINUX_ABI_PROGRESS_2026-09-08.md; no full ABI certification
309,getcpu,common,sys_getcpu,implemented_pending_runtime,LINUX_SYS_GETCPU,kernel/ntclks/syscall.c,4159,partial_guest,Raw cpu/node output and invalid-pointer boundary pass in build/musl/abi-probes-qemu-20260909-3.log for static and dynamic musl; topology/cache and hotplug semantics remain
310,process_vm_readv,64,sys_process_vm_readv,implemented_pending_runtime,LINUX_SYS_PROCESS_VM_READV,kernel/ntclks/syscall.c,4263,partial_host,"Actual remote/local page tables; REALCREDS/dumpable/capability checks; imported vectors and partial-copy ordering. ASan/UBSan real paging/COW fixture and host raw syscall comparison PASS; kernel/musl probes build PASS. Address range; memfd/device classification; full pinning/concurrency; namespace/LSM and guest execution remain; see process_vm checkpoint"
311,process_vm_writev,64,sys_process_vm_writev,implemented_pending_runtime,LINUX_SYS_PROCESS_VM_WRITEV,kernel/ntclks/syscall.c,4263,partial_host,"Real remote writable/COW pages pinned before local copy; partial results and page/iovec reference cleanup. Kernel ASan/UBSan and host raw Linux fork-COW/protection/dumpability tests PASS; kernel/musl build PASS. Shared file dirty/writeback; memfd mapping; address range; complete credentials/concurrency and guest execution remain; see process_vm checkpoint"
312,kcmp,common,sys_kcmp,missing_dispatch,,,,not_verified,See LINUX_ABI_PROGRESS_2026-09-08.md; no full ABI certification
313,finit_module,common,sys_finit_module,missing_dispatch,,,,not_verified,See LINUX_ABI_PROGRESS_2026-09-08.md; no full ABI certification
314,sched_setattr,common,sys_sched_setattr,implemented_pending_runtime,LINUX_SYS_SCHED_SETATTR,kernel/ntclks/syscall_process.c,550,partial_guest,"Native versioned sched_attr validation and supported policy update implemented; complete runtime policy matrix remains"
315,sched_getattr,common,sys_sched_getattr,implemented_pending_runtime,LINUX_SYS_SCHED_GETATTR,kernel/ntclks/syscall_process.c,527,partial_guest,"Native versioned sched_attr output and size validation implemented; complete runtime policy matrix remains"
316,renameat2,common,sys_renameat2,implemented_pending_runtime,LINUX_SYS_RENAMEAT2,kernel/ntclks/syscall.c,4118,partial_guest,Zero-flag renameat2 shares the native rename path; exchange/noreplace flags return EOPNOTSUPP until storage supports atomic variants
317,seccomp,common,sys_seccomp,missing_dispatch,,,,not_verified,See LINUX_ABI_PROGRESS_2026-09-08.md; no full ABI certification
318,getrandom,common,sys_getrandom,implemented_pending_runtime,LINUX_SYS_GETRANDOM,kernel/ntclks/syscall.c,4179,not_verified,See LINUX_ABI_PROGRESS_2026-09-08.md; no full ABI certification
319,memfd_create,common,sys_memfd_create,implemented_pending_runtime,LINUX_SYS_MEMFD_CREATE,kernel/ntclks/syscall.c,3545,partial_guest,"Native anonymous shared-memory object with name/flag validation, CLOEXEC, zero initial size, ftruncate, lseek, read/write and mmap backing; static/dynamic musl OVMF probe reaches END failed=0; sealing semantics remain"
320,kexec_file_load,common,sys_kexec_file_load,missing_dispatch,,,,not_verified,See LINUX_ABI_PROGRESS_2026-09-08.md; no full ABI certification
321,bpf,common,sys_bpf,missing_dispatch,,,,not_verified,See LINUX_ABI_PROGRESS_2026-09-08.md; no full ABI certification
322,execveat,64,sys_execveat,missing_dispatch,,,,not_verified,See LINUX_ABI_PROGRESS_2026-09-08.md; no full ABI certification
323,userfaultfd,common,sys_userfaultfd,missing_dispatch,,,,not_verified,See LINUX_ABI_PROGRESS_2026-09-08.md; no full ABI certification
324,membarrier,common,sys_membarrier,implemented_pending_runtime,LINUX_SYS_MEMBARRIER,kernel/ntclks/syscall_process.c,548,partial_guest,"Native QUERY, GLOBAL, GLOBAL_EXPEDITED, global/private registration, PRIVATE_EXPEDITED and GET_REGISTRATIONS commands use Linux 6.12 bit values and shared-MM registration state; static/dynamic musl probes pass in build/musl/membarrier-serial-2.log. Linux 6.12 reference kernel has CONFIG_MEMBARRIER disabled and returns ENOSYS; CPU-targeted and RSEQ barriers remain unsupported"
325,mlock2,common,sys_mlock2,implemented_pending_runtime,LINUX_SYS_MLOCK2,kernel/ntclks/syscall_mm.c,1082,partial_guest,"Native MLOCK_ONFAULT flag validation and mapped VMA lock state pass in static/dynamic musl build/musl/abi-probes-qemu-20260909-27.log; fault-time locking, RLIMIT_MEMLOCK and unaligned-range behavior remain"
326,copy_file_range,common,sys_copy_file_range,implemented_pending_runtime,LINUX_SYS_COPY_FILE_RANGE,kernel/ntclks/syscall.c,4329,partial_guest,"Static and dynamic musl poll_files/copy_file_range probe PASS: build/musl/abi-probes-qemu-20260909-9.log; regular files, two optional offsets, short EOF and flags/pointer validation are covered; cross-filesystem, reflink, signal/restart and close/reuse lifecycle remain"
327,preadv2,64,sys_preadv2,implemented_pending_runtime,LINUX_SYS_PREADV2,kernel/ntclks/syscall.c,4217,partial_guest,Raw offset/vector path and explicit unsupported-flag error pass in build/musl/abi-probes-qemu-20260909-3.log for static and dynamic musl; RWF_* flags and full device semantics remain
328,pwritev2,64,sys_pwritev2,implemented_pending_runtime,LINUX_SYS_PWRITEV2,kernel/ntclks/syscall.c,4217,partial_guest,Raw offset/vector path and explicit unsupported-flag error pass in build/musl/abi-probes-qemu-20260909-3.log for static and dynamic musl; RWF_* flags and full device semantics remain
329,pkey_mprotect,common,sys_pkey_mprotect,missing_dispatch,,,,not_verified,See LINUX_ABI_PROGRESS_2026-09-08.md; no full ABI certification
330,pkey_alloc,common,sys_pkey_alloc,missing_dispatch,,,,not_verified,See LINUX_ABI_PROGRESS_2026-09-08.md; no full ABI certification
331,pkey_free,common,sys_pkey_free,missing_dispatch,,,,not_verified,See LINUX_ABI_PROGRESS_2026-09-08.md; no full ABI certification
332,statx,common,sys_statx,implemented_pending_runtime,LINUX_SYS_STATX,kernel/ntclks/syscall.c,4082,partial_guest,"Raw path and AT_EMPTY_PATH basic struct statx fields, mask validation and invalid-mask boundary pass in build/musl/abi-probes-qemu-20260909-4.log for static and dynamic musl; timestamps, mount IDs, birth time, symlink no-follow and extended attributes remain incomplete"
333,io_pgetevents,common,sys_io_pgetevents,missing_dispatch,,,,not_verified,See LINUX_ABI_PROGRESS_2026-09-08.md; no full ABI certification
334,rseq,common,sys_rseq,implemented_pending_runtime,LINUX_SYS_RSEQ,kernel/ntclks/syscall_process.c,281,partial_guest,"Native 32-byte rseq registration/unregistration and auxv fields implemented; complete guest thread/exec stress remains"
335,uretprobe,common,sys_uretprobe,missing_dispatch,,,,not_verified,See LINUX_ABI_PROGRESS_2026-09-08.md; no full ABI certification
424,pidfd_send_signal,common,sys_pidfd_send_signal,missing_dispatch,,,,not_verified,See LINUX_ABI_PROGRESS_2026-09-08.md; no full ABI certification
425,io_uring_setup,common,sys_io_uring_setup,missing_dispatch,,,,not_verified,See LINUX_ABI_PROGRESS_2026-09-08.md; no full ABI certification
426,io_uring_enter,common,sys_io_uring_enter,missing_dispatch,,,,not_verified,See LINUX_ABI_PROGRESS_2026-09-08.md; no full ABI certification
427,io_uring_register,common,sys_io_uring_register,missing_dispatch,,,,not_verified,See LINUX_ABI_PROGRESS_2026-09-08.md; no full ABI certification
428,open_tree,common,sys_open_tree,missing_dispatch,,,,not_verified,See LINUX_ABI_PROGRESS_2026-09-08.md; no full ABI certification
429,move_mount,common,sys_move_mount,missing_dispatch,,,,not_verified,See LINUX_ABI_PROGRESS_2026-09-08.md; no full ABI certification
430,fsopen,common,sys_fsopen,missing_dispatch,,,,not_verified,See LINUX_ABI_PROGRESS_2026-09-08.md; no full ABI certification
431,fsconfig,common,sys_fsconfig,missing_dispatch,,,,not_verified,See LINUX_ABI_PROGRESS_2026-09-08.md; no full ABI certification
432,fsmount,common,sys_fsmount,missing_dispatch,,,,not_verified,See LINUX_ABI_PROGRESS_2026-09-08.md; no full ABI certification
433,fspick,common,sys_fspick,missing_dispatch,,,,not_verified,See LINUX_ABI_PROGRESS_2026-09-08.md; no full ABI certification
434,pidfd_open,common,sys_pidfd_open,missing_dispatch,,,,not_verified,See LINUX_ABI_PROGRESS_2026-09-08.md; no full ABI certification
435,clone3,common,sys_clone3,implemented_pending_runtime,LINUX_SYS_CLONE3,kernel/ntclks/syscall_clone.c,16,partial_guest,"64/80/88-byte and zero-extension parsing; real process creation with stack/TLS/TID fields and CLEAR_SIGHAND PASS in build/musl/clone3-probes-serial.log static/dynamic and clone3-linux-reference-serial.log; pidfd/set_tid/cgroups/namespaces/vfork and inherited clone limitations remain"
436,close_range,common,sys_close_range,implemented_pending_runtime,LINUX_SYS_CLOSE_RANGE,kernel/ntclks/syscall.c,4169,partial_guest,"Raw close, CLOSE_RANGE_CLOEXEC, UINT_MAX upper bound and invalid-range behavior pass in build/musl/abi-probes-qemu-20260909-3.log for static and dynamic musl; shared-table UNSHARE and exec inheritance remain targeted only"
437,openat2,common,sys_openat2,implemented_pending_runtime,LINUX_SYS_OPENAT2,kernel/ntclks/syscall.c,3180,partial_guest,"Native 24-byte open_how version, zero extension tail, Linux flags/mode validation and raw openat object allocation pass on Linux 6.12 reference and static/dynamic LeonOS musl probes in build/musl/openat2-linux-reference-serial.log and build/musl/openat2-serial.log; RESOLVE_* path constraints and O_PATH/O_TMPFILE remain unsupported"
438,pidfd_getfd,common,sys_pidfd_getfd,missing_dispatch,,,,not_verified,See LINUX_ABI_PROGRESS_2026-09-08.md; no full ABI certification
439,faccessat2,common,sys_faccessat2,implemented_pending_runtime,LINUX_SYS_FACCESSAT2,kernel/ntclks/syscall.c,2898,partial_guest,Static/dynamic musl permission probes PASS in build/musl/permissions-final-probe-serial.log; B06/B10/B16/B17 remaining contracts in ledger
440,process_madvise,common,sys_process_madvise,missing_dispatch,,,,not_verified,See LINUX_ABI_PROGRESS_2026-09-08.md; no full ABI certification
441,epoll_pwait2,common,sys_epoll_pwait2,implemented_pending_runtime,LINUX_SYS_EPOLL_PWAIT2,kernel/ntclks/syscall.c,3198,partial_guest,"No-mask raw epoll_pwait2 timespec path is dispatched and shares the epoll implementation; static/dynamic musl epoll probe passes in /tmp/leonos-epoll-guest-20260910c.log (END failed=0); atomic masks and complete timeout/error semantics remain"
442,mount_setattr,common,sys_mount_setattr,missing_dispatch,,,,not_verified,See LINUX_ABI_PROGRESS_2026-09-08.md; no full ABI certification
443,quotactl_fd,common,sys_quotactl_fd,missing_dispatch,,,,not_verified,See LINUX_ABI_PROGRESS_2026-09-08.md; no full ABI certification
444,landlock_create_ruleset,common,sys_landlock_create_ruleset,missing_dispatch,,,,not_verified,See LINUX_ABI_PROGRESS_2026-09-08.md; no full ABI certification
445,landlock_add_rule,common,sys_landlock_add_rule,missing_dispatch,,,,not_verified,See LINUX_ABI_PROGRESS_2026-09-08.md; no full ABI certification
446,landlock_restrict_self,common,sys_landlock_restrict_self,missing_dispatch,,,,not_verified,See LINUX_ABI_PROGRESS_2026-09-08.md; no full ABI certification
447,memfd_secret,common,sys_memfd_secret,missing_dispatch,,,,not_verified,See LINUX_ABI_PROGRESS_2026-09-08.md; no full ABI certification
448,process_mrelease,common,sys_process_mrelease,missing_dispatch,,,,not_verified,See LINUX_ABI_PROGRESS_2026-09-08.md; no full ABI certification
449,futex_waitv,common,sys_futex_waitv,implemented_pending_runtime,LINUX_SYS_FUTEX_WAITV,kernel/ntclks/syscall.c,5899,partial_guest,"Native multi-key futex_waitv validation and scheduler wake path implemented; QEMU cancellation/requeue stress remains"
450,set_mempolicy_home_node,common,sys_set_mempolicy_home_node,missing_dispatch,,,,not_verified,See LINUX_ABI_PROGRESS_2026-09-08.md; no full ABI certification
451,cachestat,common,sys_cachestat,missing_dispatch,,,,not_verified,See LINUX_ABI_PROGRESS_2026-09-08.md; no full ABI certification
452,fchmodat2,common,sys_fchmodat2,implemented_pending_runtime,LINUX_SYS_FCHMODAT2,kernel/ntclks/syscall.c,2896,partial_guest,Static/dynamic musl permission probes PASS in build/musl/permissions-final-probe-serial.log; B06/B10/B16/B17 remaining contracts in ledger
453,map_shadow_stack,common,sys_map_shadow_stack,missing_dispatch,,,,not_verified,See LINUX_ABI_PROGRESS_2026-09-08.md; no full ABI certification
454,futex_wake,common,sys_futex_wake,implemented_pending_runtime,LINUX_SYS_FUTEX_WAKE,kernel/ntclks/futex.c,264,partial_guest,"Linux 6.12 futex2 U32 flags and four-argument mask/count ABI; zero/negative counts and private/shared masked wakes PASS in futex2-probes-serial.log static/dynamic and futex2-linux-reference-serial.log; SMP and shared mapping lifetime remain"
455,futex_wait,common,sys_futex_wait,implemented_pending_runtime,LINUX_SYS_FUTEX_WAIT,kernel/ntclks/futex.c,294,partial_guest,"Six-argument futex2 ABI; mismatch EAGAIN reaches userspace; absolute monotonic/realtime deadlines and SA_RESTART signal cleanup PASS in futex2-probes-serial.log static/dynamic and futex2-linux-reference-serial.log; realtime clock changes and shared mapping/SMP stress remain"
456,futex_requeue,common,sys_futex_requeue,implemented_pending_runtime,LINUX_SYS_FUTEX_REQUEUE,kernel/ntclks/futex.c,342,partial_guest,"Two 24-byte futex_waitv descriptors; atomic comparison and private-to-shared requeue preserve masks; EFAULT and 32-bit parameter truncation PASS in futex2-probes-serial.log static/dynamic and futex2-linux-reference-serial.log; shared mapping lifetime and SMP remain"
457,statmount,common,sys_statmount,missing_dispatch,,,,not_verified,See LINUX_ABI_PROGRESS_2026-09-08.md; no full ABI certification
458,listmount,common,sys_listmount,missing_dispatch,,,,not_verified,See LINUX_ABI_PROGRESS_2026-09-08.md; no full ABI certification
459,lsm_get_self_attr,common,sys_lsm_get_self_attr,missing_dispatch,,,,not_verified,See LINUX_ABI_PROGRESS_2026-09-08.md; no full ABI certification
460,lsm_set_self_attr,common,sys_lsm_set_self_attr,missing_dispatch,,,,not_verified,See LINUX_ABI_PROGRESS_2026-09-08.md; no full ABI certification
461,lsm_list_modules,common,sys_lsm_list_modules,missing_dispatch,,,,not_verified,See LINUX_ABI_PROGRESS_2026-09-08.md; no full ABI certification
462,mseal,common,sys_mseal,missing_dispatch,,,,not_verified,See LINUX_ABI_PROGRESS_2026-09-08.md; no full ABI certification
